nf_cap,nf_load,res,nf_dif,delay,delay0
17.0,21.0,4000.0,17.0,3.13014e-10,1.58708e-10
18.0,17.0,2200.0,21.0,3.48322e-10,1.75755e-10
20.0,17.0,3600.0,12.0,4.10792e-10,1.93245e-10
19.0,20.0,4000.0,21.0,3.83735e-10,1.91133e-10
18.0,21.0,3500.0,12.0,3.40605e-10,1.65337e-10
18.0,16.0,2100.0,19.0,3.4568e-10,1.72642e-10
15.0,20.0,2200.0,13.0,2.48136e-10,1.27764e-10
15.0,17.0,2100.0,11.0,2.45538e-10,1.24442e-10
21.0,15.0,3400.0,17.0,4.52612e-10,2.14816e-10
14.0,19.0,3300.0,21.0,2.30822e-10,1.27453e-10
15.0,14.0,2700.0,15.0,2.4914e-10,1.29065e-10
17.0,18.0,3400.0,14.0,3.08648e-10,1.5338e-10
11.0,16.0,3800.0,18.0,1.56032e-10,9.24359e-11
14.0,12.0,4000.0,11.0,2.17525e-10,1.12195e-10
19.0,16.0,2800.0,21.0,3.82636e-10,1.89898e-10
11.0,15.0,3000.0,19.0,1.57302e-10,9.37503e-11
12.0,15.0,2800.0,18.0,1.77174e-10,1.01318e-10
15.0,17.0,3100.0,19.0,2.54773e-10,1.35503e-10
13.0,21.0,3300.0,16.0,1.99678e-10,1.10344e-10
19.0,20.0,3900.0,19.0,3.81513e-10,1.88398e-10
21.0,14.0,4000.0,13.0,4.4935e-10,2.09583e-10
21.0,21.0,3700.0,18.0,4.54461e-10,2.17238e-10
20.0,16.0,2600.0,11.0,4.09994e-10,1.91757e-10
15.0,14.0,2500.0,18.0,2.52295e-10,1.32784e-10
15.0,12.0,3900.0,16.0,2.50023e-10,1.30033e-10
14.0,13.0,3000.0,11.0,2.17621e-10,1.1235e-10
20.0,18.0,3500.0,14.0,4.12189e-10,1.95747e-10
16.0,11.0,2400.0,17.0,2.79882e-10,1.43235e-10
15.0,20.0,3600.0,19.0,2.55477e-10,1.36296e-10
17.0,20.0,3700.0,16.0,3.11206e-10,1.56616e-10
15.0,19.0,2500.0,16.0,2.51039e-10,1.31354e-10
15.0,12.0,3200.0,16.0,2.49825e-10,1.29857e-10
17.0,13.0,3400.0,12.0,3.05819e-10,1.49622e-10
21.0,17.0,2700.0,18.0,4.53302e-10,2.15951e-10
18.0,13.0,2100.0,14.0,3.39775e-10,1.65109e-10
20.0,16.0,3000.0,18.0,4.15214e-10,2.00311e-10
11.0,12.0,2200.0,17.0,1.53591e-10,8.98967e-11
17.0,11.0,3100.0,14.0,3.07239e-10,1.51726e-10
14.0,14.0,2800.0,14.0,2.20599e-10,1.16108e-10
18.0,21.0,2500.0,11.0,3.39948e-10,1.64137e-10
19.0,17.0,2700.0,17.0,3.78517e-10,1.84713e-10
17.0,12.0,2300.0,18.0,3.11375e-10,1.57012e-10
16.0,16.0,3400.0,21.0,2.85813e-10,1.50029e-10
15.0,21.0,2400.0,18.0,2.53747e-10,1.34479e-10
17.0,19.0,2100.0,15.0,3.09653e-10,1.54753e-10
20.0,13.0,2500.0,21.0,4.18228e-10,2.04126e-10
11.0,16.0,3200.0,13.0,1.49827e-10,8.59034e-11
17.0,12.0,2600.0,11.0,3.04739e-10,1.48072e-10
14.0,13.0,3900.0,14.0,2.20817e-10,1.16259e-10
21.0,16.0,3600.0,14.0,4.49997e-10,2.10834e-10
13.0,20.0,2700.0,17.0,2.006e-10,1.11395e-10
18.0,18.0,3800.0,18.0,3.45438e-10,1.7218e-10
16.0,13.0,4000.0,12.0,2.74965e-10,1.36984e-10
19.0,17.0,3000.0,17.0,3.78655e-10,1.84845e-10
19.0,12.0,2800.0,15.0,3.75661e-10,1.80962e-10
14.0,11.0,3700.0,13.0,2.19552e-10,1.147e-10
13.0,14.0,2800.0,14.0,1.95281e-10,1.05477e-10
15.0,19.0,3600.0,21.0,2.5783e-10,1.38866e-10
20.0,14.0,2900.0,15.0,4.1229e-10,1.96189e-10
17.0,21.0,3500.0,20.0,3.15902e-10,1.6226e-10
12.0,11.0,3300.0,21.0,1.81017e-10,1.05061e-10
18.0,12.0,2100.0,14.0,3.39506e-10,1.648e-10
17.0,14.0,3600.0,12.0,3.05971e-10,1.49808e-10
19.0,14.0,2900.0,13.0,3.74312e-10,1.78816e-10
14.0,19.0,2700.0,19.0,2.28051e-10,1.24517e-10
16.0,21.0,3800.0,18.0,2.83136e-10,1.47018e-10
15.0,20.0,4000.0,16.0,2.51727e-10,1.32035e-10
18.0,14.0,3600.0,14.0,3.40496e-10,1.65842e-10
19.0,17.0,2500.0,16.0,3.7712e-10,1.82939e-10
19.0,13.0,3000.0,13.0,3.74272e-10,1.78741e-10
12.0,19.0,3800.0,21.0,1.82583e-10,1.06961e-10
11.0,11.0,3200.0,19.0,1.56653e-10,9.28853e-11
12.0,16.0,2500.0,20.0,1.79716e-10,1.04043e-10
20.0,19.0,3700.0,18.0,4.16103e-10,2.01293e-10
11.0,17.0,2100.0,21.0,1.59825e-10,9.64719e-11
15.0,16.0,2400.0,11.0,2.45347e-10,1.24213e-10
19.0,14.0,3600.0,17.0,3.78249e-10,1.84311e-10
19.0,20.0,3700.0,16.0,3.78103e-10,1.84044e-10
16.0,13.0,4000.0,21.0,2.8569e-10,1.49749e-10
14.0,21.0,2600.0,14.0,2.22333e-10,1.18071e-10
20.0,20.0,2200.0,12.0,4.10852e-10,1.93355e-10
21.0,21.0,3800.0,19.0,4.55741e-10,2.1888e-10
12.0,15.0,3300.0,18.0,1.77374e-10,1.01486e-10
21.0,16.0,2100.0,19.0,4.53919e-10,2.16893e-10
11.0,12.0,3200.0,13.0,1.48819e-10,8.47669e-11
17.0,21.0,2400.0,17.0,3.12365e-10,1.58089e-10
17.0,15.0,2500.0,11.0,3.05485e-10,1.48916e-10
21.0,20.0,3600.0,14.0,4.5087e-10,2.11825e-10
15.0,17.0,2500.0,17.0,2.52081e-10,1.32513e-10
21.0,19.0,2100.0,21.0,4.56528e-10,2.20235e-10
11.0,21.0,2300.0,12.0,1.49519e-10,8.55762e-11
17.0,18.0,3500.0,15.0,3.09963e-10,1.55027e-10
21.0,17.0,2400.0,21.0,4.56459e-10,2.2012e-10
14.0,16.0,3200.0,14.0,2.21195e-10,1.16767e-10
13.0,16.0,2600.0,20.0,2.03109e-10,1.14073e-10
17.0,11.0,2300.0,20.0,3.13785e-10,1.59796e-10
19.0,19.0,2800.0,12.0,3.74501e-10,1.78651e-10
11.0,18.0,4000.0,20.0,1.59138e-10,9.56736e-11
17.0,12.0,4000.0,20.0,3.14476e-10,1.60452e-10
11.0,14.0,2100.0,11.0,1.46449e-10,8.22641e-11
18.0,17.0,2500.0,21.0,3.48545e-10,1.75976e-10
20.0,12.0,2200.0,20.0,4.16379e-10,2.01975e-10
18.0,20.0,2400.0,16.0,3.43195e-10,1.69448e-10
16.0,17.0,2900.0,13.0,2.76891e-10,1.39402e-10
15.0,15.0,2200.0,14.0,2.47736e-10,1.2748e-10
15.0,18.0,2800.0,17.0,2.52334e-10,1.32797e-10
12.0,14.0,3800.0,13.0,1.71161e-10,9.47472e-11
12.0,15.0,3700.0,12.0,1.70018e-10,9.34694e-11
11.0,12.0,3100.0,21.0,1.5937e-10,9.57145e-11
17.0,20.0,2300.0,14.0,3.08646e-10,1.53445e-10
13.0,12.0,2300.0,21.0,2.03938e-10,1.148e-10
21.0,14.0,2800.0,13.0,4.4903e-10,2.09243e-10
12.0,16.0,3700.0,14.0,1.72541e-10,9.63204e-11
18.0,12.0,2400.0,15.0,3.40998e-10,1.66655e-10
14.0,21.0,3500.0,13.0,2.2195e-10,1.17449e-10
11.0,14.0,2500.0,15.0,1.51574e-10,8.78062e-11
12.0,18.0,2200.0,20.0,1.79926e-10,1.04345e-10
20.0,18.0,2100.0,21.0,4.18448e-10,2.04519e-10
17.0,14.0,2600.0,20.0,3.14168e-10,1.60298e-10
18.0,17.0,2500.0,13.0,3.4028e-10,1.65335e-10
20.0,11.0,2500.0,17.0,4.13704e-10,1.983e-10
13.0,13.0,2700.0,15.0,1.96663e-10,1.06982e-10
18.0,19.0,3500.0,12.0,3.40079e-10,1.64744e-10
17.0,17.0,3200.0,16.0,3.10498e-10,1.55807e-10
15.0,16.0,2200.0,12.0,2.45807e-10,1.25023e-10
12.0,21.0,2800.0,11.0,1.70747e-10,9.41565e-11
14.0,12.0,3300.0,14.0,2.20373e-10,1.15784e-10
19.0,19.0,3400.0,21.0,3.83476e-10,1.90848e-10
11.0,16.0,2400.0,13.0,1.495e-10,8.56202e-11
11.0,13.0,2900.0,19.0,1.56883e-10,9.32462e-11
19.0,13.0,4000.0,20.0,3.81317e-10,1.88186e-10
21.0,13.0,3000.0,17.0,4.52201e-10,2.14342e-10
21.0,19.0,3600.0,21.0,4.57347e-10,2.21072e-10
11.0,11.0,2200.0,20.0,1.57248e-10,9.35859e-11
20.0,21.0,2600.0,13.0,4.12293e-10,1.95441e-10
16.0,14.0,3900.0,16.0,2.7928e-10,1.42487e-10
17.0,20.0,3800.0,21.0,3.17192e-10,1.63689e-10
11.0,12.0,3700.0,17.0,1.5416e-10,9.03724e-11
14.0,20.0,4000.0,14.0,2.22446e-10,1.18121e-10
21.0,17.0,2700.0,18.0,4.53302e-10,2.15951e-10
16.0,20.0,2500.0,19.0,2.83744e-10,1.47817e-10
21.0,16.0,2200.0,18.0,4.52719e-10,2.15323e-10
18.0,11.0,2300.0,13.0,3.3899e-10,1.63859e-10
16.0,15.0,3300.0,14.0,2.77228e-10,1.39977e-10
18.0,18.0,3200.0,11.0,3.39305e-10,1.63409e-10
11.0,13.0,2800.0,19.0,1.56848e-10,9.32137e-11
12.0,13.0,2400.0,13.0,1.70589e-10,9.41818e-11
13.0,16.0,2800.0,12.0,1.93441e-10,1.03343e-10
13.0,15.0,3700.0,14.0,1.95881e-10,1.06099e-10
14.0,20.0,3200.0,19.0,2.28396e-10,1.24871e-10
11.0,12.0,2100.0,21.0,1.58853e-10,9.52884e-11
21.0,16.0,4000.0,11.0,4.48867e-10,2.07836e-10
13.0,11.0,2300.0,21.0,2.0393e-10,1.14723e-10
20.0,16.0,2200.0,17.0,4.14107e-10,1.98852e-10
20.0,17.0,2100.0,16.0,4.13063e-10,1.97463e-10
18.0,17.0,3300.0,18.0,3.45203e-10,1.71917e-10
14.0,13.0,2800.0,15.0,2.22002e-10,1.1766e-10
14.0,17.0,3100.0,13.0,2.20753e-10,1.16145e-10
16.0,21.0,3400.0,21.0,2.86856e-10,1.51248e-10
11.0,11.0,2300.0,13.0,1.48382e-10,8.43249e-11
15.0,12.0,3800.0,13.0,2.46865e-10,1.26206e-10
16.0,20.0,3000.0,13.0,2.77544e-10,1.40161e-10
11.0,21.0,3300.0,12.0,1.49963e-10,8.59658e-11
21.0,12.0,3200.0,13.0,4.48789e-10,2.08968e-10
16.0,11.0,2300.0,12.0,2.74014e-10,1.35983e-10
20.0,12.0,3400.0,11.0,4.09344e-10,1.91042e-10
19.0,13.0,2100.0,21.0,3.81909e-10,1.89083e-10
12.0,20.0,3700.0,19.0,1.8013e-10,1.04432e-10
11.0,18.0,2200.0,16.0,1.53306e-10,8.97362e-11
12.0,21.0,3500.0,21.0,1.82972e-10,1.074e-10
19.0,13.0,2200.0,11.0,3.72554e-10,1.75957e-10
21.0,18.0,2900.0,14.0,4.50187e-10,2.11068e-10
21.0,17.0,2400.0,11.0,4.48707e-10,2.07687e-10
12.0,11.0,3900.0,19.0,1.78469e-10,1.02414e-10
19.0,16.0,2700.0,17.0,3.78217e-10,1.84377e-10
12.0,14.0,2200.0,19.0,1.78169e-10,1.02387e-10
11.0,11.0,3800.0,20.0,1.57863e-10,9.40858e-11
18.0,13.0,3000.0,13.0,3.3966e-10,1.64582e-10
14.0,17.0,4000.0,16.0,2.24082e-10,1.20031e-10
19.0,14.0,3300.0,20.0,3.81112e-10,1.88034e-10
16.0,19.0,2700.0,20.0,2.8461e-10,1.48811e-10
17.0,14.0,2600.0,19.0,3.133e-10,1.59231e-10
11.0,18.0,2700.0,18.0,1.56123e-10,9.26428e-11
17.0,11.0,3100.0,12.0,3.05332e-10,1.49071e-10
15.0,13.0,2900.0,21.0,2.56568e-10,1.37383e-10
21.0,20.0,3400.0,15.0,4.51857e-10,2.13307e-10
20.0,12.0,3000.0,15.0,4.12035e-10,1.95863e-10
21.0,12.0,3700.0,14.0,4.49271e-10,2.10007e-10
17.0,17.0,2900.0,15.0,3.09661e-10,1.54699e-10
16.0,16.0,2900.0,16.0,2.79352e-10,1.42667e-10
19.0,19.0,4000.0,12.0,3.74872e-10,1.79033e-10
18.0,20.0,4000.0,18.0,3.45907e-10,1.72717e-10
17.0,19.0,2800.0,13.0,3.08181e-10,1.52601e-10
21.0,15.0,4000.0,12.0,4.4882e-10,2.08446e-10
17.0,21.0,3700.0,12.0,3.07886e-10,1.51957e-10
18.0,17.0,2900.0,16.0,3.42931e-10,1.69079e-10
14.0,15.0,2600.0,21.0,2.2976e-10,1.26288e-10
12.0,18.0,3200.0,20.0,1.80454e-10,1.04799e-10
19.0,17.0,3000.0,19.0,3.80751e-10,1.87538e-10
15.0,11.0,3400.0,16.0,2.49845e-10,1.29818e-10
12.0,13.0,3200.0,21.0,1.81243e-10,1.05421e-10
20.0,11.0,2700.0,21.0,4.18216e-10,2.04017e-10
18.0,19.0,2700.0,12.0,3.39799e-10,1.64454e-10
17.0,12.0,2100.0,16.0,3.08907e-10,1.54076e-10
15.0,15.0,2200.0,19.0,2.53911e-10,1.34615e-10
14.0,11.0,3700.0,11.0,2.17349e-10,1.11984e-10
13.0,12.0,2200.0,13.0,1.93684e-10,1.03672e-10
19.0,19.0,3700.0,14.0,3.7624e-10,1.81351e-10
11.0,19.0,3300.0,15.0,1.53275e-10,8.95705e-11
17.0,18.0,3000.0,17.0,3.11907e-10,1.57526e-10
16.0,15.0,2800.0,15.0,2.78443e-10,1.41475e-10
12.0,12.0,4000.0,15.0,1.73259e-10,9.69868e-11
11.0,16.0,3200.0,13.0,1.49827e-10,8.59034e-11
20.0,18.0,3400.0,12.0,4.10847e-10,1.93346e-10
12.0,11.0,2400.0,11.0,1.67762e-10,9.09467e-11
16.0,19.0,3300.0,20.0,2.84885e-10,1.49061e-10
14.0,12.0,3400.0,16.0,2.22808e-10,1.18571e-10
11.0,14.0,3600.0,20.0,1.58193e-10,9.45977e-11
19.0,11.0,3200.0,12.0,3.72862e-10,1.76768e-10
13.0,14.0,2600.0,19.0,2.01767e-10,1.12564e-10
13.0,21.0,3500.0,19.0,2.03742e-10,1.14716e-10
14.0,19.0,2400.0,12.0,2.1961e-10,1.14826e-10
14.0,13.0,3000.0,13.0,2.19764e-10,1.15014e-10
18.0,12.0,2800.0,16.0,3.4191e-10,1.67875e-10
14.0,11.0,2400.0,14.0,2.19949e-10,1.15349e-10
19.0,13.0,2700.0,17.0,3.77858e-10,1.83904e-10
11.0,19.0,2800.0,13.0,1.50647e-10,8.67795e-11
14.0,15.0,2900.0,19.0,2.27362e-10,1.23677e-10
18.0,17.0,3100.0,11.0,3.3913e-10,1.63205e-10
14.0,13.0,3700.0,17.0,2.24751e-10,1.20692e-10
12.0,18.0,3300.0,17.0,1.76983e-10,1.0113e-10
19.0,16.0,3400.0,19.0,3.80638e-10,1.87387e-10
15.0,21.0,2500.0,12.0,2.47409e-10,1.26765e-10
12.0,21.0,2600.0,15.0,1.75126e-10,9.91647e-11
12.0,16.0,2600.0,18.0,1.77196e-10,1.01393e-10
12.0,12.0,3000.0,13.0,1.70497e-10,9.40231e-11
19.0,20.0,2300.0,12.0,3.74398e-10,1.78548e-10
14.0,15.0,2300.0,18.0,2.25455e-10,1.21693e-10
16.0,17.0,2800.0,12.0,2.75582e-10,1.37746e-10
14.0,11.0,2300.0,12.0,2.17603e-10,1.12557e-10
14.0,14.0,3200.0,14.0,2.20741e-10,1.16238e-10
14.0,14.0,3900.0,12.0,2.18682e-10,1.13718e-10
15.0,21.0,2400.0,15.0,2.50691e-10,1.30849e-10
19.0,16.0,3600.0,19.0,3.80696e-10,1.87444e-10
18.0,17.0,3400.0,20.0,3.47487e-10,1.74683e-10
16.0,14.0,2400.0,21.0,2.85065e-10,1.49226e-10
14.0,14.0,3200.0,20.0,2.28178e-10,1.24528e-10
17.0,19.0,3700.0,16.0,3.11092e-10,1.56462e-10
15.0,16.0,3300.0,14.0,2.48359e-10,1.28115e-10
13.0,17.0,2500.0,15.0,1.97448e-10,1.07918e-10
11.0,15.0,2900.0,16.0,1.53042e-10,8.9347e-11
11.0,19.0,3400.0,18.0,1.5676e-10,9.3244e-11
19.0,13.0,3700.0,15.0,3.76197e-10,1.81536e-10
20.0,19.0,2700.0,18.0,4.15722e-10,2.00901e-10
12.0,11.0,3000.0,17.0,1.75566e-10,9.94375e-11
11.0,13.0,3700.0,17.0,1.54461e-10,9.07108e-11
11.0,21.0,2300.0,11.0,1.48749e-10,8.46586e-11
11.0,18.0,2900.0,13.0,1.5029e-10,8.64178e-11
18.0,19.0,2900.0,15.0,3.42707e-10,1.68588e-10
13.0,21.0,2400.0,13.0,1.96168e-10,1.06407e-10
19.0,17.0,3900.0,12.0,3.74353e-10,1.78446e-10
11.0,16.0,2500.0,18.0,1.55556e-10,9.20413e-11
14.0,11.0,3500.0,15.0,2.21904e-10,1.17439e-10
21.0,13.0,2800.0,11.0,4.47954e-10,2.06854e-10
18.0,14.0,2800.0,19.0,3.45853e-10,1.72715e-10
21.0,13.0,2700.0,14.0,4.4921e-10,2.09975e-10
20.0,14.0,3400.0,17.0,4.14349e-10,1.9904e-10
16.0,14.0,2200.0,21.0,2.84902e-10,1.49089e-10
17.0,12.0,2100.0,12.0,3.0496e-10,1.48746e-10
11.0,11.0,2600.0,11.0,1.46044e-10,8.17244e-11
18.0,17.0,3800.0,12.0,3.39653e-10,1.64247e-10
19.0,20.0,2400.0,13.0,3.75421e-10,1.80111e-10
19.0,17.0,2300.0,19.0,3.80361e-10,1.87153e-10
17.0,20.0,2400.0,15.0,3.09967e-10,1.55088e-10
14.0,14.0,3700.0,19.0,2.27368e-10,1.23593e-10
21.0,19.0,2800.0,13.0,4.50184e-10,2.1055e-10
12.0,15.0,2800.0,21.0,1.81411e-10,1.05711e-10
14.0,16.0,2900.0,15.0,2.22559e-10,1.18341e-10
17.0,16.0,4000.0,21.0,3.16561e-10,1.62878e-10
11.0,12.0,3000.0,17.0,1.53963e-10,9.02071e-11
18.0,13.0,2700.0,21.0,3.48157e-10,1.75416e-10
13.0,18.0,2100.0,13.0,1.95031e-10,1.05219e-10
13.0,19.0,3800.0,19.0,2.0335e-10,1.14269e-10
14.0,21.0,3300.0,13.0,2.21887e-10,1.17388e-10
16.0,16.0,3600.0,21.0,2.85891e-10,1.5009e-10
12.0,16.0,2100.0,20.0,1.79442e-10,1.03808e-10
17.0,19.0,3700.0,15.0,3.10393e-10,1.55483e-10
21.0,19.0,3900.0,11.0,4.49714e-10,2.08767e-10
14.0,15.0,2900.0,18.0,2.25777e-10,1.21978e-10
12.0,19.0,2200.0,20.0,1.80264e-10,1.04698e-10
21.0,20.0,4000.0,18.0,4.54219e-10,2.16965e-10
18.0,14.0,2500.0,11.0,3.38077e-10,1.62053e-10
11.0,16.0,3900.0,13.0,1.49996e-10,8.60468e-11
18.0,19.0,3300.0,17.0,3.44846e-10,1.71361e-10
11.0,15.0,2200.0,12.0,1.47732e-10,8.37144e-11
21.0,15.0,3400.0,19.0,4.54588e-10,2.1754e-10
15.0,15.0,2900.0,20.0,2.55253e-10,1.36047e-10
20.0,16.0,2500.0,19.0,4.16322e-10,2.01737e-10
21.0,11.0,2900.0,13.0,4.48617e-10,2.08781e-10
18.0,12.0,3400.0,17.0,3.43539e-10,1.69796e-10
12.0,13.0,3700.0,18.0,1.77086e-10,1.01096e-10
15.0,20.0,3000.0,18.0,2.5373e-10,1.34416e-10
14.0,21.0,2200.0,18.0,2.26664e-10,1.23085e-10
17.0,15.0,3000.0,21.0,3.16188e-10,1.62489e-10
13.0,12.0,2500.0,12.0,1.92357e-10,1.02132e-10
16.0,18.0,4000.0,11.0,2.75592e-10,1.37389e-10
12.0,15.0,2400.0,15.0,1.73497e-10,9.74078e-11
11.0,13.0,2300.0,13.0,1.48813e-10,8.48442e-11
20.0,14.0,2600.0,20.0,4.16862e-10,2.02504e-10
13.0,21.0,2300.0,13.0,1.96106e-10,1.06348e-10
11.0,20.0,2300.0,14.0,1.51438e-10,8.77303e-11
12.0,20.0,3900.0,21.0,1.82734e-10,1.07129e-10
14.0,14.0,2700.0,12.0,2.18356e-10,1.13406e-10
19.0,18.0,3000.0,17.0,3.78745e-10,1.84968e-10
12.0,21.0,2600.0,12.0,1.71365e-10,9.4988e-11
20.0,11.0,3800.0,20.0,4.17155e-10,2.02666e-10
15.0,12.0,2800.0,11.0,2.44554e-10,1.23277e-10
20.0,21.0,3600.0,11.0,4.11725e-10,1.93656e-10
14.0,12.0,3600.0,18.0,2.25407e-10,1.21432e-10
18.0,11.0,3900.0,20.0,3.46892e-10,1.73802e-10
17.0,21.0,4000.0,15.0,3.10946e-10,1.56102e-10
20.0,20.0,2700.0,18.0,4.15809e-10,2.01021e-10
13.0,14.0,3900.0,18.0,2.00619e-10,1.11267e-10
20.0,21.0,2600.0,15.0,4.13727e-10,1.97824e-10
21.0,15.0,3400.0,14.0,4.4987e-10,2.10676e-10
21.0,15.0,2200.0,13.0,4.49012e-10,2.09262e-10
18.0,17.0,3500.0,16.0,3.43141e-10,1.69284e-10
21.0,17.0,3400.0,13.0,4.49959e-10,2.1028e-10
19.0,18.0,3000.0,17.0,3.78745e-10,1.84968e-10
18.0,19.0,2800.0,20.0,3.47594e-10,1.74866e-10
11.0,11.0,3200.0,17.0,1.53965e-10,9.01333e-11
15.0,16.0,2300.0,11.0,2.45293e-10,1.2416e-10
13.0,21.0,2500.0,17.0,2.0085e-10,1.11671e-10
15.0,19.0,3900.0,19.0,2.55438e-10,1.36217e-10
20.0,21.0,3300.0,11.0,4.11617e-10,1.93559e-10
14.0,14.0,3100.0,20.0,2.2814e-10,1.24495e-10
15.0,12.0,2700.0,19.0,2.53682e-10,1.34217e-10
17.0,18.0,3400.0,12.0,3.06873e-10,1.50851e-10
19.0,18.0,2300.0,21.0,3.8262e-10,1.89966e-10
17.0,16.0,3300.0,19.0,3.13942e-10,1.59926e-10
19.0,18.0,2900.0,17.0,3.7872e-10,1.84924e-10
20.0,21.0,2900.0,16.0,4.14377e-10,1.98897e-10
17.0,19.0,3100.0,11.0,3.06766e-10,1.50328e-10
15.0,17.0,3900.0,14.0,2.48863e-10,1.28648e-10
15.0,21.0,3500.0,14.0,2.49791e-10,1.297e-10
16.0,14.0,3700.0,20.0,2.84054e-10,1.4802e-10
16.0,14.0,2200.0,13.0,2.75756e-10,1.38168e-10
14.0,15.0,3800.0,21.0,2.30247e-10,1.267e-10
14.0,20.0,2800.0,17.0,2.2581e-10,1.22035e-10
16.0,15.0,4000.0,12.0,2.75437e-10,1.37518e-10
18.0,21.0,2400.0,19.0,3.46947e-10,1.7407e-10
14.0,13.0,3900.0,16.0,2.23225e-10,1.19018e-10
17.0,13.0,2800.0,15.0,3.08837e-10,1.53733e-10
16.0,15.0,3100.0,16.0,2.79336e-10,1.42612e-10
17.0,15.0,3300.0,12.0,3.06217e-10,1.50098e-10
16.0,17.0,3400.0,21.0,2.86093e-10,1.50351e-10
15.0,18.0,3800.0,17.0,2.52689e-10,1.33124e-10
13.0,16.0,3800.0,13.0,1.95196e-10,1.05279e-10
15.0,21.0,3500.0,21.0,2.58195e-10,1.39303e-10
20.0,13.0,2200.0,13.0,4.10321e-10,1.93235e-10
14.0,20.0,2400.0,18.0,2.26453e-10,1.2284e-10
14.0,11.0,2100.0,13.0,2.18929e-10,1.14139e-10
19.0,17.0,2800.0,19.0,3.80658e-10,1.8745e-10
21.0,13.0,2700.0,16.0,4.50834e-10,2.12558e-10
17.0,13.0,3800.0,17.0,3.11378e-10,1.56787e-10
15.0,15.0,2300.0,13.0,2.47078e-10,1.26561e-10
20.0,13.0,3200.0,21.0,4.18576e-10,2.04465e-10
16.0,12.0,3800.0,16.0,2.78918e-10,1.42046e-10
16.0,16.0,2400.0,18.0,2.81378e-10,1.45137e-10
19.0,17.0,3900.0,17.0,3.7895e-10,1.85131e-10
15.0,18.0,3500.0,20.0,2.55908e-10,1.36809e-10
11.0,20.0,3000.0,14.0,1.51781e-10,8.80343e-11
15.0,17.0,3100.0,18.0,2.53225e-10,1.3382e-10
16.0,21.0,4000.0,13.0,2.7824e-10,1.40874e-10
20.0,19.0,2600.0,18.0,4.15657e-10,2.00848e-10
20.0,13.0,2200.0,14.0,4.10713e-10,1.94135e-10
18.0,13.0,3200.0,14.0,3.40307e-10,1.65624e-10
18.0,16.0,2100.0,20.0,3.46504e-10,1.73695e-10
13.0,19.0,3300.0,15.0,1.98287e-10,1.08779e-10
16.0,15.0,3500.0,16.0,2.7946e-10,1.42727e-10
11.0,19.0,3500.0,13.0,1.50902e-10,8.70108e-11
17.0,15.0,4000.0,20.0,3.14954e-10,1.6108e-10
15.0,11.0,3900.0,17.0,2.51544e-10,1.3168e-10
18.0,14.0,3900.0,13.0,3.39968e-10,1.64923e-10
11.0,13.0,3500.0,15.0,1.51799e-10,8.79434e-11
16.0,18.0,3400.0,21.0,2.86155e-10,1.50459e-10
18.0,19.0,3400.0,20.0,3.4784e-10,1.75112e-10
18.0,13.0,2300.0,21.0,3.47887e-10,1.75159e-10
14.0,18.0,2900.0,13.0,2.20816e-10,1.16244e-10
16.0,20.0,3300.0,17.0,2.81825e-10,1.45488e-10
14.0,14.0,2700.0,15.0,2.22033e-10,1.1775e-10
19.0,11.0,2100.0,20.0,3.80271e-10,1.87121e-10
21.0,15.0,4000.0,13.0,4.49667e-10,2.09923e-10
12.0,12.0,2100.0,13.0,1.70084e-10,9.36643e-11
19.0,14.0,3900.0,17.0,3.78306e-10,1.84388e-10
16.0,13.0,3200.0,17.0,2.80525e-10,1.43919e-10
13.0,20.0,3000.0,21.0,2.05724e-10,1.1685e-10
15.0,15.0,4000.0,18.0,2.53111e-10,1.33595e-10
16.0,13.0,2600.0,17.0,2.80269e-10,1.43687e-10
14.0,20.0,3200.0,11.0,2.19481e-10,1.14435e-10
21.0,13.0,2700.0,18.0,4.52705e-10,2.15229e-10
21.0,13.0,2100.0,19.0,4.53628e-10,2.16521e-10
18.0,11.0,3400.0,16.0,3.42098e-10,1.68022e-10
14.0,18.0,2500.0,20.0,2.28554e-10,1.25107e-10
18.0,15.0,3800.0,21.0,3.48829e-10,1.76132e-10
12.0,11.0,3800.0,18.0,1.76779e-10,1.00685e-10
11.0,18.0,3900.0,20.0,1.59132e-10,9.56647e-11
18.0,13.0,2400.0,14.0,3.39955e-10,1.65285e-10
16.0,16.0,3400.0,19.0,2.8337e-10,1.47278e-10
21.0,18.0,3900.0,15.0,4.51535e-10,2.12951e-10
20.0,15.0,2100.0,20.0,4.1672e-10,2.02409e-10
12.0,15.0,2900.0,12.0,1.69782e-10,9.32586e-11
15.0,17.0,2200.0,17.0,2.51878e-10,1.32332e-10
13.0,17.0,3000.0,16.0,1.98564e-10,1.09149e-10
12.0,20.0,2600.0,16.0,1.7564e-10,9.97719e-11
16.0,17.0,3400.0,12.0,2.75786e-10,1.37945e-10
13.0,18.0,2800.0,15.0,1.97737e-10,1.08228e-10
14.0,11.0,3600.0,17.0,2.24406e-10,1.20251e-10
12.0,17.0,3900.0,20.0,1.80552e-10,1.04824e-10
11.0,11.0,3300.0,19.0,1.56681e-10,9.29097e-11
12.0,11.0,2300.0,15.0,1.7261e-10,9.63655e-11
18.0,14.0,3700.0,12.0,3.38796e-10,1.63291e-10
11.0,21.0,3200.0,12.0,1.49931e-10,8.59418e-11
11.0,15.0,3800.0,16.0,1.53294e-10,8.95699e-11
16.0,18.0,4000.0,13.0,2.77311e-10,1.39857e-10
14.0,16.0,3900.0,21.0,2.3032e-10,1.26827e-10
14.0,15.0,2200.0,19.0,2.2696e-10,1.2332e-10
18.0,11.0,2600.0,16.0,3.41768e-10,1.67702e-10
13.0,13.0,2200.0,17.0,1.98906e-10,1.09508e-10
17.0,12.0,3200.0,21.0,3.15827e-10,1.61986e-10
12.0,18.0,3600.0,11.0,1.69937e-10,9.3298e-11
11.0,12.0,3100.0,19.0,1.56684e-10,9.29851e-11
17.0,14.0,2400.0,11.0,3.05088e-10,1.48485e-10
12.0,16.0,2200.0,12.0,1.69596e-10,9.31429e-11
19.0,16.0,3800.0,11.0,3.73684e-10,1.77186e-10
14.0,19.0,2400.0,14.0,2.21693e-10,1.17387e-10
16.0,19.0,2300.0,16.0,2.79793e-10,1.43216e-10
11.0,16.0,3100.0,20.0,1.58435e-10,9.49485e-11
11.0,19.0,2900.0,12.0,1.49198e-10,8.52167e-11
19.0,20.0,2100.0,21.0,3.8279e-10,1.90203e-10
11.0,14.0,3200.0,13.0,1.49286e-10,8.53065e-11
21.0,17.0,2800.0,16.0,4.51571e-10,2.13401e-10
21.0,21.0,3800.0,14.0,4.51272e-10,2.1226e-10
16.0,14.0,3400.0,18.0,2.81503e-10,1.45143e-10
12.0,21.0,3400.0,20.0,1.81335e-10,1.05724e-10
20.0,16.0,3400.0,21.0,4.18897e-10,2.04891e-10
19.0,21.0,3000.0,18.0,3.80168e-10,1.86788e-10
18.0,21.0,4000.0,15.0,3.43533e-10,1.69481e-10
14.0,17.0,3800.0,16.0,2.24036e-10,1.19991e-10
14.0,12.0,3600.0,21.0,2.29651e-10,1.25961e-10
21.0,20.0,3300.0,14.0,4.50766e-10,2.1173e-10
16.0,14.0,3400.0,15.0,2.78348e-10,1.4133e-10
14.0,16.0,3400.0,19.0,2.27633e-10,1.23965e-10
15.0,11.0,3800.0,21.0,2.56674e-10,1.37329e-10
19.0,19.0,2500.0,20.0,3.81597e-10,1.88721e-10
18.0,15.0,2100.0,16.0,3.4209e-10,1.68174e-10
12.0,16.0,2800.0,13.0,1.71389e-10,9.50659e-11
16.0,13.0,2600.0,21.0,2.85157e-10,1.49267e-10
21.0,19.0,2700.0,15.0,4.51458e-10,2.1288e-10
12.0,16.0,3000.0,21.0,1.81583e-10,1.0592e-10
11.0,12.0,3500.0,19.0,1.56802e-10,9.3087e-11
17.0,18.0,2400.0,16.0,3.1023e-10,1.55579e-10
21.0,21.0,4000.0,21.0,4.57813e-10,2.2159e-10
18.0,12.0,2100.0,21.0,3.47537e-10,1.74776e-10
17.0,17.0,3700.0,14.0,3.08607e-10,1.53307e-10
14.0,14.0,3300.0,12.0,2.18535e-10,1.13573e-10
13.0,18.0,2800.0,17.0,2.00157e-10,1.109e-10
11.0,12.0,2400.0,13.0,1.48534e-10,8.45191e-11
11.0,18.0,4000.0,11.0,1.48273e-10,8.41039e-11
15.0,13.0,2500.0,13.0,2.4676e-10,1.26162e-10
16.0,13.0,3800.0,15.0,2.78378e-10,1.41313e-10
18.0,16.0,2400.0,17.0,3.43732e-10,1.70153e-10
21.0,17.0,3100.0,19.0,4.54787e-10,2.17792e-10
21.0,17.0,2900.0,15.0,4.51137e-10,2.125e-10
16.0,12.0,3000.0,16.0,2.78684e-10,1.41831e-10
15.0,11.0,2900.0,15.0,2.48822e-10,1.28618e-10
18.0,11.0,3100.0,16.0,3.41975e-10,1.67903e-10
17.0,12.0,3500.0,17.0,3.11045e-10,1.5642e-10
18.0,17.0,2700.0,16.0,3.42834e-10,1.68985e-10
15.0,14.0,2300.0,20.0,2.54652e-10,1.35442e-10
13.0,18.0,4000.0,20.0,2.04022e-10,1.14986e-10
12.0,21.0,2500.0,15.0,1.75071e-10,9.91169e-11
11.0,11.0,3000.0,15.0,1.51219e-10,8.72956e-11
14.0,20.0,3400.0,18.0,2.26929e-10,1.23275e-10
18.0,17.0,3700.0,19.0,3.46766e-10,1.7373e-10
18.0,21.0,2900.0,15.0,3.43174e-10,1.69125e-10
11.0,12.0,3100.0,16.0,1.52356e-10,8.85349e-11
19.0,12.0,3700.0,11.0,3.72783e-10,1.7615e-10
17.0,19.0,3500.0,13.0,3.08415e-10,1.52837e-10
17.0,21.0,3100.0,18.0,3.135e-10,1.59446e-10
18.0,19.0,3300.0,13.0,3.41108e-10,1.66219e-10
13.0,19.0,3300.0,21.0,2.05729e-10,1.16812e-10
18.0,11.0,2500.0,19.0,3.45468e-10,1.72211e-10
18.0,19.0,3500.0,12.0,3.40079e-10,1.64744e-10
14.0,16.0,2600.0,21.0,2.29819e-10,1.26393e-10
19.0,18.0,3800.0,11.0,3.74215e-10,1.77777e-10
20.0,14.0,3200.0,17.0,4.1428e-10,1.98974e-10
19.0,15.0,2800.0,19.0,3.80345e-10,1.87061e-10
21.0,11.0,3800.0,17.0,4.52236e-10,2.14296e-10
15.0,17.0,2200.0,20.0,2.55163e-10,1.36084e-10
17.0,18.0,2100.0,14.0,3.08027e-10,1.52767e-10
13.0,16.0,2300.0,19.0,2.01962e-10,1.12867e-10
19.0,20.0,3800.0,15.0,3.77529e-10,1.83101e-10
20.0,18.0,3400.0,15.0,4.13266e-10,1.97289e-10
13.0,13.0,2300.0,11.0,1.91835e-10,1.01418e-10
15.0,18.0,2400.0,16.0,2.50641e-10,1.30933e-10
20.0,13.0,2700.0,17.0,4.14051e-10,1.98711e-10
18.0,12.0,3700.0,17.0,3.43627e-10,1.69875e-10
12.0,19.0,3400.0,11.0,1.70319e-10,9.36937e-11
20.0,17.0,2800.0,13.0,4.1144e-10,1.94462e-10
16.0,21.0,2600.0,18.0,2.82646e-10,1.46561e-10
14.0,12.0,3500.0,12.0,2.18131e-10,1.13087e-10
21.0,19.0,3500.0,15.0,4.51761e-10,2.13193e-10
14.0,20.0,2700.0,18.0,2.26631e-10,1.23008e-10
13.0,11.0,2100.0,19.0,2.01137e-10,1.11825e-10
18.0,20.0,4000.0,12.0,3.40329e-10,1.65032e-10
15.0,15.0,3600.0,21.0,2.57104e-10,1.37981e-10
13.0,21.0,3300.0,18.0,2.02123e-10,1.13004e-10
12.0,20.0,3800.0,14.0,1.73651e-10,9.75202e-11
16.0,18.0,3600.0,21.0,2.86222e-10,1.50517e-10
12.0,13.0,2400.0,19.0,1.78228e-10,1.02381e-10
20.0,17.0,3800.0,14.0,4.12124e-10,1.95665e-10
17.0,15.0,3000.0,20.0,3.14627e-10,1.6078e-10
19.0,20.0,3100.0,16.0,3.77921e-10,1.83839e-10
17.0,14.0,2300.0,17.0,3.10814e-10,1.563e-10
16.0,20.0,2600.0,11.0,2.75701e-10,1.37568e-10
14.0,19.0,2600.0,15.0,2.23253e-10,1.19131e-10
11.0,15.0,3700.0,15.0,1.52319e-10,8.85238e-11
12.0,20.0,2100.0,21.0,1.81878e-10,1.06402e-10
21.0,18.0,3400.0,21.0,4.57012e-10,2.20706e-10
19.0,15.0,2200.0,19.0,3.79968e-10,1.86699e-10
12.0,13.0,3200.0,16.0,1.74353e-10,9.824e-11
12.0,17.0,3400.0,14.0,1.72846e-10,9.66561e-11
17.0,16.0,2200.0,21.0,3.15723e-10,1.62128e-10
15.0,20.0,3500.0,19.0,2.55444e-10,1.36267e-10
18.0,15.0,3300.0,20.0,3.47143e-10,1.74257e-10
21.0,12.0,3100.0,13.0,4.48731e-10,2.08925e-10
16.0,16.0,2200.0,15.0,2.78205e-10,1.41284e-10
17.0,13.0,3500.0,17.0,3.11287e-10,1.56707e-10
13.0,18.0,3600.0,19.0,2.0296e-10,1.13859e-10
17.0,13.0,3000.0,15.0,3.08922e-10,1.53811e-10
16.0,11.0,3000.0,12.0,2.74316e-10,1.36271e-10
12.0,20.0,3000.0,20.0,1.80847e-10,1.05245e-10
19.0,13.0,2600.0,21.0,3.82281e-10,1.89427e-10
18.0,11.0,3300.0,20.0,3.46705e-10,1.73641e-10
17.0,11.0,2900.0,15.0,3.08565e-10,1.53384e-10
16.0,17.0,3700.0,14.0,2.77802e-10,1.40618e-10
15.0,11.0,3700.0,11.0,2.44698e-10,1.23377e-10
17.0,19.0,2700.0,16.0,3.10722e-10,1.56101e-10
19.0,18.0,2800.0,12.0,3.74173e-10,1.78271e-10
20.0,14.0,3700.0,17.0,4.1445e-10,1.99127e-10
15.0,12.0,2800.0,11.0,2.44554e-10,1.23277e-10
15.0,18.0,3900.0,21.0,2.57596e-10,1.386e-10
15.0,15.0,2500.0,20.0,2.55037e-10,1.35861e-10
19.0,20.0,3200.0,20.0,3.8203e-10,1.89181e-10
19.0,19.0,3500.0,13.0,3.75726e-10,1.80405e-10
20.0,12.0,3700.0,16.0,4.12843e-10,1.97081e-10
15.0,16.0,2800.0,14.0,2.48198e-10,1.27953e-10
16.0,21.0,2200.0,13.0,2.775e-10,1.40149e-10
12.0,12.0,3300.0,13.0,1.70577e-10,9.40953e-11
14.0,17.0,3900.0,11.0,2.18918e-10,1.13768e-10
13.0,12.0,2700.0,16.0,1.97296e-10,1.07704e-10
20.0,12.0,2200.0,20.0,4.16379e-10,2.01975e-10
13.0,13.0,4000.0,11.0,1.92382e-10,1.0192e-10
13.0,14.0,3200.0,14.0,1.95422e-10,1.05602e-10
15.0,17.0,3300.0,13.0,2.48003e-10,1.27524e-10
15.0,16.0,2600.0,13.0,2.47363e-10,1.26872e-10
11.0,17.0,2200.0,12.0,1.48268e-10,8.42947e-11
13.0,12.0,2900.0,11.0,1.91745e-10,1.0127e-10
13.0,21.0,2300.0,17.0,2.00718e-10,1.11553e-10
18.0,11.0,2700.0,17.0,3.43277e-10,1.69495e-10
13.0,19.0,2700.0,20.0,2.03881e-10,1.14934e-10
19.0,19.0,2200.0,14.0,3.75591e-10,1.80701e-10
17.0,20.0,3700.0,19.0,3.14827e-10,1.60948e-10
20.0,15.0,2200.0,13.0,4.10705e-10,1.93658e-10
19.0,12.0,2600.0,17.0,3.77561e-10,1.83592e-10
15.0,19.0,3100.0,14.0,2.4914e-10,1.28993e-10
12.0,13.0,4000.0,16.0,1.74548e-10,9.84105e-11
15.0,17.0,3100.0,15.0,2.50061e-10,1.30084e-10
20.0,17.0,2800.0,12.0,4.10514e-10,1.92984e-10
18.0,19.0,3300.0,14.0,3.41606e-10,1.67135e-10
20.0,19.0,2200.0,13.0,4.11579e-10,1.94656e-10
20.0,17.0,2200.0,17.0,4.14388e-10,1.99158e-10
21.0,11.0,3000.0,20.0,4.5475e-10,2.17891e-10
12.0,16.0,4000.0,21.0,1.81887e-10,1.06174e-10
19.0,11.0,2800.0,21.0,3.82236e-10,1.89296e-10
14.0,11.0,2200.0,18.0,2.24785e-10,1.20839e-10
12.0,12.0,3400.0,18.0,1.76731e-10,1.00714e-10
21.0,15.0,2600.0,20.0,4.54927e-10,2.1821e-10
17.0,14.0,2700.0,21.0,3.15791e-10,1.62072e-10
18.0,21.0,2700.0,21.0,3.49349e-10,1.76922e-10
15.0,15.0,2600.0,21.0,2.56682e-10,1.37613e-10
15.0,18.0,3800.0,14.0,2.48974e-10,1.28794e-10
12.0,11.0,2700.0,14.0,1.71208e-10,9.48335e-11
11.0,16.0,3800.0,18.0,1.56032e-10,9.24359e-11
12.0,14.0,2700.0,12.0,1.6934e-10,9.27965e-11
19.0,12.0,3200.0,16.0,3.76464e-10,1.82128e-10
17.0,12.0,2100.0,16.0,3.08907e-10,1.54076e-10
18.0,21.0,2900.0,13.0,3.4145e-10,1.66624e-10
13.0,21.0,2500.0,16.0,1.99321e-10,1.10026e-10
12.0,20.0,2700.0,20.0,1.80706e-10,1.05123e-10
18.0,13.0,3700.0,20.0,3.47004e-10,1.74035e-10
12.0,12.0,3500.0,12.0,1.69081e-10,9.24468e-11
19.0,15.0,2400.0,12.0,3.73403e-10,1.77406e-10
15.0,13.0,2900.0,20.0,2.54954e-10,1.35662e-10
16.0,15.0,4000.0,16.0,2.79593e-10,1.42854e-10
20.0,18.0,3600.0,20.0,4.17864e-10,2.03633e-10
19.0,17.0,3400.0,12.0,3.74233e-10,1.78317e-10
21.0,12.0,2700.0,19.0,4.53837e-10,2.16681e-10
14.0,15.0,3600.0,13.0,2.20395e-10,1.15707e-10
20.0,15.0,3300.0,13.0,4.1119e-10,1.94152e-10
15.0,18.0,3400.0,21.0,2.57444e-10,1.38466e-10
20.0,16.0,3600.0,20.0,4.17554e-10,2.03251e-10
15.0,17.0,3800.0,14.0,2.4884e-10,1.28627e-10
16.0,11.0,2600.0,13.0,2.75488e-10,1.37792e-10
18.0,17.0,2600.0,19.0,3.4631e-10,1.73301e-10
19.0,17.0,2700.0,13.0,3.74977e-10,1.7958e-10
14.0,14.0,2800.0,21.0,2.29609e-10,1.26076e-10
14.0,11.0,3000.0,18.0,2.25199e-10,1.21194e-10
18.0,19.0,3900.0,18.0,3.45776e-10,1.72556e-10
11.0,14.0,2900.0,18.0,1.5531e-10,9.16962e-11
16.0,12.0,3300.0,16.0,2.78785e-10,1.41924e-10
11.0,13.0,2800.0,21.0,1.59504e-10,9.5918e-11
18.0,21.0,3600.0,14.0,3.42206e-10,1.67784e-10
18.0,20.0,2400.0,14.0,3.41343e-10,1.66894e-10
11.0,14.0,3200.0,17.0,1.54425e-10,9.07442e-11
18.0,21.0,2500.0,16.0,3.43587e-10,1.69876e-10
14.0,16.0,3100.0,14.0,2.21162e-10,1.16738e-10
17.0,14.0,3500.0,21.0,3.1613e-10,1.62381e-10
14.0,19.0,4000.0,20.0,2.29461e-10,1.25985e-10
15.0,11.0,3400.0,12.0,2.4528e-10,1.24296e-10
19.0,17.0,3800.0,11.0,3.74075e-10,1.77608e-10
13.0,15.0,2500.0,20.0,2.02979e-10,1.13902e-10
12.0,12.0,3200.0,13.0,1.70567e-10,9.40782e-11
15.0,14.0,3400.0,11.0,2.4523e-10,1.24017e-10
19.0,15.0,3800.0,17.0,3.78556e-10,1.84681e-10
14.0,17.0,3500.0,16.0,2.23954e-10,1.19917e-10
14.0,17.0,3600.0,20.0,2.2893e-10,1.25399e-10
13.0,16.0,3000.0,19.0,2.02332e-10,1.13194e-10
17.0,21.0,3800.0,12.0,3.0791e-10,1.51982e-10
12.0,20.0,4000.0,20.0,1.81155e-10,1.05505e-10
11.0,14.0,4000.0,14.0,1.50399e-10,8.64904e-11
16.0,18.0,3200.0,18.0,2.82173e-10,1.4598e-10
15.0,11.0,2500.0,13.0,2.46377e-10,1.25705e-10
13.0,16.0,3700.0,21.0,2.05151e-10,1.16111e-10
17.0,21.0,3800.0,18.0,3.13738e-10,1.59674e-10
14.0,15.0,2800.0,15.0,2.22396e-10,1.18148e-10
11.0,12.0,3600.0,21.0,1.59535e-10,9.58444e-11
15.0,16.0,2700.0,15.0,2.49553e-10,1.29558e-10
16.0,20.0,2700.0,12.0,2.76215e-10,1.38475e-10
12.0,18.0,3900.0,21.0,1.8229e-10,1.06644e-10
18.0,18.0,3900.0,18.0,3.4547e-10,1.7221e-10
17.0,13.0,2600.0,17.0,3.10944e-10,1.5637e-10
12.0,18.0,2600.0,18.0,1.77636e-10,1.0189e-10
15.0,16.0,2500.0,20.0,2.55096e-10,1.35965e-10
17.0,15.0,2100.0,17.0,3.1094e-10,1.56468e-10
14.0,12.0,3100.0,21.0,2.29483e-10,1.25821e-10
16.0,20.0,3800.0,12.0,2.76571e-10,1.38826e-10
21.0,18.0,2100.0,11.0,4.48646e-10,2.07652e-10
17.0,15.0,3500.0,15.0,3.09457e-10,1.54413e-10
20.0,16.0,3100.0,17.0,4.14582e-10,1.99329e-10
20.0,15.0,3100.0,16.0,4.13251e-10,1.9758e-10
12.0,11.0,3300.0,11.0,1.68066e-10,9.12153e-11
11.0,18.0,2300.0,14.0,1.50865e-10,8.7132e-11
16.0,19.0,3200.0,21.0,2.86377e-10,1.50712e-10
14.0,17.0,2700.0,15.0,2.22826e-10,1.18634e-10
15.0,11.0,3000.0,17.0,2.51284e-10,1.31446e-10
21.0,14.0,3000.0,17.0,4.52225e-10,2.14399e-10
21.0,15.0,2500.0,18.0,4.52869e-10,2.15452e-10
16.0,16.0,3100.0,11.0,2.74829e-10,1.36561e-10
16.0,20.0,3300.0,21.0,2.86505e-10,1.50875e-10
16.0,19.0,3200.0,19.0,2.83976e-10,1.47993e-10
18.0,20.0,2100.0,17.0,3.44303e-10,1.70853e-10
11.0,11.0,2700.0,19.0,1.56483e-10,9.27476e-11
21.0,20.0,3900.0,19.0,4.55476e-10,2.18575e-10
16.0,16.0,3900.0,11.0,2.75037e-10,1.36764e-10
15.0,20.0,2100.0,20.0,2.55563e-10,1.3659e-10
14.0,17.0,2600.0,20.0,2.28516e-10,1.2503e-10
15.0,20.0,3400.0,11.0,2.46839e-10,1.2583e-10
16.0,16.0,2200.0,21.0,2.85174e-10,1.49454e-10
17.0,13.0,3400.0,20.0,3.14511e-10,1.60571e-10
14.0,11.0,2200.0,18.0,2.24785e-10,1.20839e-10
21.0,19.0,3400.0,14.0,4.50692e-10,2.11609e-10
11.0,14.0,3900.0,13.0,1.49463e-10,8.54602e-11
13.0,19.0,2700.0,17.0,2.00465e-10,1.11234e-10
16.0,14.0,2900.0,20.0,2.8375e-10,1.47759e-10
16.0,12.0,2300.0,15.0,2.77535e-10,1.40467e-10
11.0,20.0,3300.0,12.0,1.49533e-10,8.55467e-11
14.0,18.0,2900.0,17.0,2.25387e-10,1.21561e-10
19.0,15.0,3200.0,18.0,3.791e-10,1.85528e-10
17.0,14.0,4000.0,12.0,3.06057e-10,1.49892e-10
19.0,17.0,3100.0,17.0,3.78695e-10,1.84886e-10
14.0,18.0,2100.0,20.0,2.28266e-10,1.24854e-10
14.0,12.0,3200.0,20.0,2.27888e-10,1.24142e-10
18.0,13.0,3600.0,19.0,3.46116e-10,1.72924e-10
14.0,16.0,3600.0,11.0,2.18457e-10,1.13278e-10
15.0,20.0,2500.0,11.0,2.46464e-10,1.25464e-10
20.0,21.0,2600.0,12.0,4.11439e-10,1.9399e-10
20.0,17.0,3200.0,12.0,4.10694e-10,1.93132e-10
15.0,12.0,2900.0,20.0,2.54732e-10,1.3539e-10
18.0,21.0,3000.0,17.0,3.45164e-10,1.71749e-10
16.0,11.0,2500.0,17.0,2.79932e-10,1.43279e-10
20.0,15.0,3600.0,11.0,4.10152e-10,1.91933e-10
14.0,14.0,2800.0,19.0,2.27051e-10,1.23316e-10
16.0,21.0,3300.0,20.0,2.8531e-10,1.49565e-10
11.0,15.0,3900.0,16.0,1.53316e-10,8.95781e-11
16.0,11.0,2800.0,19.0,2.82547e-10,1.46231e-10
13.0,16.0,2200.0,20.0,2.02852e-10,1.13849e-10
18.0,11.0,3800.0,21.0,3.48431e-10,1.75527e-10
20.0,21.0,3000.0,14.0,4.12834e-10,1.96479e-10
17.0,11.0,3300.0,18.0,3.11839e-10,1.57391e-10
21.0,16.0,3800.0,13.0,4.4971e-10,2.10006e-10
15.0,12.0,3100.0,21.0,2.56454e-10,1.37201e-10
21.0,18.0,3000.0,14.0,4.50224e-10,2.11109e-10
12.0,18.0,3900.0,19.0,1.79694e-10,1.03951e-10
11.0,11.0,3900.0,18.0,1.55153e-10,9.13296e-11
21.0,14.0,3100.0,17.0,4.52268e-10,2.14438e-10
19.0,15.0,2100.0,18.0,3.78513e-10,1.84932e-10
16.0,11.0,2700.0,19.0,2.82496e-10,1.46189e-10
14.0,17.0,3900.0,17.0,2.25588e-10,1.21692e-10
14.0,16.0,2300.0,11.0,2.17973e-10,1.12814e-10
12.0,12.0,3300.0,13.0,1.70577e-10,9.40953e-11
13.0,14.0,3100.0,16.0,1.97828e-10,1.08306e-10
21.0,11.0,3200.0,14.0,4.49082e-10,2.09787e-10
20.0,11.0,2900.0,14.0,4.10746e-10,1.94106e-10
16.0,12.0,3000.0,14.0,2.7645e-10,1.39083e-10
20.0,13.0,3200.0,15.0,4.12367e-10,1.96237e-10
18.0,19.0,3300.0,13.0,3.41108e-10,1.66219e-10
13.0,12.0,3900.0,14.0,1.95143e-10,1.05236e-10
18.0,20.0,2300.0,18.0,3.4519e-10,1.72004e-10
11.0,21.0,2800.0,17.0,1.56105e-10,9.25964e-11
13.0,21.0,2300.0,18.0,2.01601e-10,1.12545e-10
19.0,13.0,2500.0,16.0,3.76403e-10,1.82121e-10
18.0,11.0,3800.0,20.0,3.46861e-10,1.73778e-10
15.0,21.0,4000.0,14.0,2.49922e-10,1.29823e-10
15.0,12.0,2500.0,11.0,2.44434e-10,1.23164e-10
17.0,18.0,3600.0,13.0,3.0809e-10,1.52476e-10
13.0,15.0,2800.0,16.0,1.98031e-10,1.08556e-10
12.0,16.0,4000.0,19.0,1.79269e-10,1.03463e-10
21.0,20.0,3200.0,15.0,4.51782e-10,2.13236e-10
15.0,16.0,3600.0,15.0,2.49883e-10,1.29867e-10
17.0,11.0,3300.0,18.0,3.11839e-10,1.57391e-10
11.0,16.0,3600.0,17.0,1.55011e-10,9.13804e-11
15.0,21.0,3800.0,16.0,2.52041e-10,1.3238e-10
15.0,20.0,2100.0,20.0,2.55563e-10,1.3659e-10
13.0,18.0,3600.0,18.0,2.01381e-10,1.12188e-10
19.0,18.0,3900.0,15.0,3.77101e-10,1.82612e-10
17.0,14.0,3800.0,12.0,3.06016e-10,1.49852e-10
19.0,19.0,2600.0,17.0,3.78863e-10,1.85116e-10
14.0,14.0,2500.0,11.0,2.17571e-10,1.12345e-10
21.0,14.0,2600.0,18.0,4.52679e-10,2.15238e-10
15.0,17.0,3500.0,13.0,2.48062e-10,1.2758e-10
11.0,16.0,2300.0,15.0,1.51922e-10,8.82277e-11
21.0,21.0,3900.0,12.0,4.50214e-10,2.10039e-10
21.0,21.0,2900.0,13.0,4.50729e-10,2.11152e-10
15.0,17.0,2700.0,17.0,2.5219e-10,1.32614e-10
18.0,16.0,2800.0,13.0,3.40109e-10,1.65116e-10
16.0,14.0,3400.0,19.0,2.83036e-10,1.46858e-10
13.0,16.0,3500.0,13.0,1.95141e-10,1.05222e-10
15.0,11.0,3300.0,15.0,2.48957e-10,1.28738e-10
13.0,15.0,2700.0,21.0,2.04706e-10,1.1568e-10
17.0,14.0,3000.0,14.0,3.07616e-10,1.52228e-10
15.0,17.0,2700.0,20.0,2.55492e-10,1.36383e-10
16.0,14.0,3900.0,18.0,2.81643e-10,1.45268e-10
21.0,19.0,2300.0,13.0,4.49943e-10,2.10282e-10
18.0,17.0,2900.0,21.0,3.48773e-10,1.7619e-10
16.0,11.0,2800.0,12.0,2.74228e-10,1.36196e-10
16.0,15.0,3300.0,11.0,2.74755e-10,1.36451e-10
11.0,14.0,2800.0,13.0,1.49186e-10,8.52173e-11
11.0,14.0,3900.0,15.0,1.52004e-10,8.81792e-11
12.0,15.0,3700.0,11.0,1.69228e-10,9.25029e-11
12.0,14.0,2900.0,17.0,1.75949e-10,9.99719e-11
21.0,14.0,3800.0,15.0,4.50743e-10,2.12036e-10
13.0,18.0,2800.0,16.0,1.98608e-10,1.09235e-10
19.0,20.0,2700.0,12.0,3.74597e-10,1.78776e-10
13.0,11.0,3700.0,18.0,2.00184e-10,1.10685e-10
16.0,20.0,3300.0,12.0,2.76443e-10,1.38701e-10
21.0,14.0,2600.0,21.0,4.56103e-10,2.19656e-10
16.0,13.0,3800.0,13.0,2.76244e-10,1.38604e-10
16.0,14.0,2100.0,12.0,2.74406e-10,1.36473e-10
14.0,20.0,3700.0,12.0,2.20252e-10,1.15478e-10
20.0,20.0,3600.0,18.0,4.16167e-10,2.01389e-10
12.0,20.0,2600.0,21.0,1.82232e-10,1.06712e-10
12.0,16.0,3000.0,15.0,1.73893e-10,9.78121e-11
16.0,21.0,2500.0,21.0,2.86415e-10,1.50834e-10
15.0,15.0,3200.0,18.0,2.52881e-10,1.33388e-10
15.0,15.0,2100.0,14.0,2.47679e-10,1.27422e-10
18.0,21.0,2600.0,13.0,3.41311e-10,1.66481e-10
12.0,17.0,2400.0,15.0,1.73974e-10,9.79432e-11
19.0,15.0,3800.0,15.0,3.76611e-10,1.82007e-10
16.0,18.0,2400.0,14.0,2.77418e-10,1.40276e-10
11.0,21.0,3300.0,14.0,1.52279e-10,8.85184e-11
18.0,12.0,2400.0,18.0,3.43905e-10,1.70455e-10
14.0,21.0,2800.0,18.0,2.27035e-10,1.23428e-10
14.0,11.0,3900.0,21.0,2.29735e-10,1.25965e-10
17.0,13.0,4000.0,19.0,3.13789e-10,1.59636e-10
12.0,13.0,3300.0,15.0,1.73417e-10,9.7208e-11
15.0,11.0,2600.0,21.0,2.56234e-10,1.36954e-10
20.0,19.0,4000.0,13.0,4.12271e-10,1.95364e-10
15.0,21.0,2800.0,20.0,2.56365e-10,1.37373e-10
20.0,13.0,2600.0,18.0,4.14697e-10,1.99691e-10
20.0,14.0,2100.0,16.0,4.12439e-10,1.96742e-10
13.0,18.0,3400.0,16.0,1.98838e-10,1.09442e-10
17.0,16.0,3200.0,21.0,3.16307e-10,1.62644e-10
18.0,20.0,3200.0,20.0,3.47856e-10,1.75162e-10
20.0,12.0,2200.0,11.0,4.089e-10,1.90575e-10
20.0,13.0,3500.0,14.0,4.11272e-10,1.94687e-10
15.0,20.0,3200.0,11.0,2.46777e-10,1.25769e-10
12.0,12.0,3800.0,16.0,1.74189e-10,9.80102e-11
11.0,20.0,2200.0,16.0,1.53818e-10,9.02849e-11
20.0,12.0,3500.0,18.0,4.14828e-10,1.99782e-10
21.0,11.0,3300.0,18.0,4.52743e-10,2.15201e-10
12.0,19.0,2900.0,15.0,1.74717e-10,9.87134e-11
12.0,15.0,3800.0,13.0,1.71544e-10,9.51569e-11
14.0,16.0,2200.0,11.0,2.17923e-10,1.12769e-10
15.0,12.0,3000.0,19.0,2.53816e-10,1.34335e-10
20.0,21.0,2500.0,19.0,4.17302e-10,2.0289e-10
12.0,13.0,3800.0,11.0,1.68704e-10,9.19155e-11
13.0,17.0,3100.0,21.0,2.05256e-10,1.1628e-10
13.0,15.0,3500.0,12.0,1.9353e-10,1.03384e-10
14.0,18.0,3300.0,11.0,2.18929e-10,1.1382e-10
14.0,18.0,3300.0,18.0,2.26436e-10,1.22724e-10
14.0,12.0,2800.0,12.0,2.17908e-10,1.12893e-10
21.0,11.0,3900.0,11.0,4.47893e-10,2.06732e-10
13.0,14.0,3800.0,11.0,1.92465e-10,1.02049e-10
16.0,11.0,4000.0,17.0,2.80444e-10,1.4373e-10
21.0,19.0,2100.0,16.0,4.5154e-10,2.1341e-10
14.0,18.0,2300.0,14.0,2.21269e-10,1.16939e-10
20.0,18.0,3900.0,11.0,4.10884e-10,1.92723e-10
15.0,14.0,2400.0,19.0,2.5379e-10,1.34438e-10
11.0,21.0,2100.0,17.0,1.55687e-10,9.22265e-11
19.0,21.0,4000.0,11.0,3.75177e-10,1.78831e-10
13.0,21.0,2800.0,17.0,2.01004e-10,1.11803e-10
16.0,13.0,3600.0,12.0,2.74892e-10,1.36912e-10
16.0,17.0,2300.0,17.0,2.80784e-10,1.44374e-10
16.0,16.0,2300.0,18.0,2.81327e-10,1.45089e-10
17.0,15.0,2100.0,20.0,3.14077e-10,1.60269e-10
14.0,19.0,2800.0,14.0,2.21897e-10,1.17582e-10
14.0,20.0,2900.0,17.0,2.2586e-10,1.22079e-10
20.0,20.0,2800.0,18.0,4.15868e-10,2.01084e-10
13.0,20.0,2400.0,21.0,2.05394e-10,1.1656e-10
13.0,18.0,2200.0,18.0,2.00738e-10,1.11619e-10
19.0,12.0,3900.0,19.0,3.80258e-10,1.8683e-10
21.0,12.0,2700.0,19.0,4.53837e-10,2.16681e-10
12.0,16.0,3600.0,15.0,1.74066e-10,9.79584e-11
15.0,14.0,3600.0,19.0,2.54305e-10,1.34899e-10
15.0,15.0,3200.0,14.0,2.48233e-10,1.27945e-10
17.0,15.0,2500.0,19.0,3.13502e-10,1.59464e-10
18.0,12.0,2700.0,13.0,3.39243e-10,1.64126e-10
13.0,12.0,2400.0,21.0,2.04005e-10,1.14857e-10
11.0,20.0,3300.0,12.0,1.49533e-10,8.55467e-11
19.0,12.0,3100.0,17.0,3.77787e-10,1.83809e-10
18.0,14.0,3800.0,12.0,3.38818e-10,1.63313e-10
13.0,16.0,3600.0,17.0,1.99992e-10,1.10644e-10
17.0,12.0,2500.0,11.0,3.04708e-10,1.4804e-10
20.0,18.0,2300.0,21.0,4.18612e-10,2.04686e-10
16.0,21.0,3100.0,12.0,2.76766e-10,1.39058e-10
15.0,14.0,2400.0,11.0,2.44848e-10,1.23647e-10
16.0,11.0,3400.0,20.0,2.83722e-10,1.4754e-10
16.0,19.0,3900.0,14.0,2.78324e-10,1.41211e-10
12.0,16.0,3800.0,21.0,1.81841e-10,1.06134e-10
16.0,14.0,3300.0,16.0,2.79107e-10,1.42337e-10
14.0,19.0,2500.0,14.0,2.2175e-10,1.17442e-10
15.0,16.0,3100.0,13.0,2.47562e-10,1.2706e-10
18.0,18.0,2800.0,17.0,3.44334e-10,1.70817e-10
11.0,21.0,2300.0,20.0,1.59291e-10,9.59632e-11
11.0,15.0,2300.0,21.0,1.59584e-10,9.61394e-11
17.0,15.0,2100.0,16.0,3.09539e-10,1.5479e-10
12.0,11.0,2600.0,13.0,1.70252e-10,9.37405e-11
21.0,18.0,3500.0,16.0,4.51918e-10,2.13778e-10
12.0,18.0,2600.0,19.0,1.79233e-10,1.03551e-10
21.0,19.0,3600.0,13.0,4.5045e-10,2.10835e-10
19.0,13.0,2700.0,17.0,3.77858e-10,1.83904e-10
19.0,21.0,3100.0,21.0,3.83706e-10,1.91139e-10
20.0,18.0,3700.0,13.0,4.11849e-10,1.94907e-10
15.0,18.0,4000.0,16.0,2.51238e-10,1.31494e-10
21.0,11.0,3300.0,19.0,4.54121e-10,2.16925e-10
12.0,16.0,3900.0,12.0,1.7021e-10,9.36907e-11
21.0,20.0,3900.0,12.0,4.4985e-10,2.09635e-10
19.0,14.0,2900.0,20.0,3.80937e-10,1.87877e-10
19.0,13.0,3700.0,20.0,3.81235e-10,1.88119e-10
11.0,17.0,3100.0,16.0,1.53595e-10,8.99562e-11
20.0,21.0,3700.0,12.0,4.11813e-10,1.94398e-10
17.0,11.0,2400.0,11.0,3.04583e-10,1.47877e-10
16.0,20.0,2600.0,15.0,2.7935e-10,1.42558e-10
14.0,20.0,3100.0,14.0,2.22174e-10,1.17869e-10
15.0,13.0,3300.0,17.0,2.51677e-10,1.31924e-10
15.0,13.0,2600.0,17.0,2.51398e-10,1.31668e-10
19.0,21.0,2400.0,19.0,3.81172e-10,1.88101e-10
13.0,18.0,2600.0,12.0,1.93922e-10,1.03887e-10
18.0,11.0,2900.0,17.0,3.43361e-10,1.69578e-10
12.0,17.0,3000.0,11.0,1.69591e-10,9.294e-11
16.0,12.0,3900.0,14.0,2.76665e-10,1.39298e-10
19.0,18.0,2600.0,16.0,3.77262e-10,1.83141e-10
15.0,12.0,3400.0,18.0,2.52366e-10,1.32733e-10
13.0,19.0,3700.0,17.0,2.00834e-10,1.11562e-10
21.0,17.0,2600.0,19.0,4.54526e-10,2.17536e-10
15.0,14.0,2800.0,11.0,2.45021e-10,1.23816e-10
21.0,12.0,3000.0,12.0,4.47807e-10,2.07383e-10
16.0,18.0,3900.0,12.0,2.76053e-10,1.38241e-10
14.0,18.0,2700.0,13.0,2.2073e-10,1.16163e-10
19.0,20.0,3500.0,11.0,3.74672e-10,1.78292e-10
19.0,13.0,2900.0,11.0,3.72862e-10,1.76277e-10
18.0,20.0,3000.0,19.0,3.46986e-10,1.74055e-10
16.0,15.0,3700.0,14.0,2.77337e-10,1.40082e-10
16.0,11.0,2800.0,21.0,2.85094e-10,1.49084e-10
17.0,12.0,3800.0,14.0,3.07495e-10,1.52009e-10
15.0,17.0,3800.0,14.0,2.4884e-10,1.28627e-10
14.0,16.0,3000.0,20.0,2.28435e-10,1.24886e-10
20.0,13.0,2900.0,15.0,4.12251e-10,1.96123e-10
21.0,13.0,2800.0,17.0,4.52115e-10,2.14261e-10
21.0,19.0,2100.0,14.0,4.50089e-10,2.10983e-10
14.0,16.0,2200.0,13.0,2.19957e-10,1.15343e-10
11.0,13.0,2400.0,18.0,1.55005e-10,9.13756e-11
18.0,18.0,3500.0,14.0,3.41324e-10,1.66813e-10
19.0,11.0,2900.0,20.0,3.80775e-10,1.87595e-10
18.0,12.0,4000.0,13.0,3.39605e-10,1.64487e-10
12.0,12.0,4000.0,13.0,1.70752e-10,9.42385e-11
14.0,11.0,2800.0,20.0,2.27722e-10,1.23928e-10
20.0,18.0,2100.0,15.0,4.12633e-10,1.9664e-10
17.0,21.0,3500.0,12.0,3.07832e-10,1.51903e-10
13.0,15.0,2100.0,14.0,1.95223e-10,1.05503e-10
20.0,11.0,4000.0,15.0,4.12297e-10,1.96081e-10
21.0,16.0,3800.0,19.0,4.5474e-10,2.17725e-10
19.0,17.0,3500.0,14.0,3.75708e-10,1.80771e-10
11.0,18.0,3200.0,11.0,1.48076e-10,8.39347e-11
16.0,14.0,2500.0,15.0,2.77995e-10,1.40996e-10
15.0,14.0,3000.0,19.0,2.54093e-10,1.34709e-10
15.0,14.0,3300.0,12.0,2.45799e-10,1.24934e-10
12.0,20.0,3500.0,14.0,1.73567e-10,9.74416e-11
20.0,16.0,2400.0,17.0,4.14243e-10,1.98983e-10
15.0,18.0,4000.0,20.0,2.56058e-10,1.36941e-10
11.0,11.0,3800.0,15.0,1.5145e-10,8.74843e-11
13.0,20.0,3300.0,15.0,1.98438e-10,1.08958e-10
11.0,14.0,3500.0,11.0,1.46974e-10,8.27355e-11
19.0,13.0,3500.0,21.0,3.82678e-10,1.898e-10
18.0,18.0,3300.0,16.0,3.43176e-10,1.69359e-10
14.0,14.0,2900.0,17.0,2.24554e-10,1.20578e-10
21.0,16.0,3900.0,21.0,4.56881e-10,2.20494e-10
21.0,20.0,2600.0,14.0,4.50484e-10,2.11431e-10
17.0,15.0,3200.0,13.0,3.07415e-10,1.51688e-10
11.0,14.0,3200.0,17.0,1.54425e-10,9.07442e-11
15.0,16.0,2400.0,13.0,2.47254e-10,1.26769e-10
21.0,19.0,3600.0,21.0,4.57347e-10,2.21072e-10
14.0,18.0,3800.0,19.0,2.28159e-10,1.24547e-10
14.0,14.0,3200.0,12.0,2.18506e-10,1.13544e-10
15.0,17.0,2200.0,11.0,2.45605e-10,1.24509e-10
16.0,17.0,2500.0,16.0,2.7945e-10,1.42814e-10
15.0,16.0,3800.0,15.0,2.49933e-10,1.29915e-10
17.0,15.0,2500.0,12.0,3.05939e-10,1.49813e-10
11.0,14.0,3500.0,12.0,1.47831e-10,8.37319e-11
11.0,12.0,2200.0,13.0,1.48428e-10,8.44274e-11
17.0,16.0,2800.0,17.0,3.11426e-10,1.5698e-10
12.0,14.0,2600.0,15.0,1.73255e-10,9.71243e-11
21.0,17.0,3700.0,21.0,4.57085e-10,2.20719e-10
14.0,14.0,4000.0,14.0,2.20945e-10,1.16434e-10
18.0,14.0,2900.0,11.0,3.38211e-10,1.62196e-10
16.0,20.0,3100.0,17.0,2.81759e-10,1.45422e-10
13.0,18.0,2600.0,21.0,2.05106e-10,1.16207e-10
11.0,14.0,3700.0,13.0,1.49429e-10,8.54353e-11
13.0,12.0,2800.0,20.0,2.02555e-10,1.13314e-10
17.0,21.0,3400.0,18.0,3.13619e-10,1.59555e-10
21.0,16.0,2900.0,13.0,4.49442e-10,2.09725e-10
15.0,19.0,2200.0,15.0,2.50071e-10,1.30188e-10
19.0,12.0,2800.0,18.0,3.78426e-10,1.84751e-10
19.0,21.0,2700.0,21.0,3.83519e-10,1.90958e-10
20.0,20.0,3900.0,13.0,4.12396e-10,1.95509e-10
11.0,12.0,2200.0,14.0,1.49337e-10,8.544e-11
21.0,20.0,3700.0,19.0,4.5542e-10,2.18516e-10
18.0,20.0,3300.0,17.0,3.44961e-10,1.71502e-10
17.0,21.0,2700.0,15.0,3.10504e-10,1.55663e-10
13.0,21.0,3400.0,21.0,2.06215e-10,1.17338e-10
15.0,14.0,3500.0,13.0,2.47229e-10,1.26646e-10
19.0,18.0,2100.0,11.0,3.73544e-10,1.77072e-10
16.0,15.0,2600.0,21.0,2.85405e-10,1.49612e-10
21.0,20.0,3700.0,17.0,4.5356e-10,2.15916e-10
19.0,21.0,3300.0,14.0,3.76603e-10,1.81777e-10
20.0,17.0,2800.0,20.0,4.17477e-10,2.03236e-10
16.0,11.0,2500.0,16.0,2.78433e-10,1.41549e-10
20.0,16.0,3500.0,14.0,4.11732e-10,1.95235e-10
19.0,14.0,3700.0,21.0,3.82722e-10,1.89882e-10
18.0,18.0,3800.0,11.0,3.39447e-10,1.63564e-10
14.0,14.0,3100.0,17.0,2.2463e-10,1.20649e-10
13.0,21.0,3400.0,14.0,1.97379e-10,1.07755e-10
15.0,21.0,3100.0,18.0,2.54112e-10,1.34818e-10
11.0,11.0,3600.0,21.0,1.59485e-10,9.57246e-11
14.0,13.0,2300.0,18.0,2.2512e-10,1.21269e-10
15.0,13.0,2700.0,20.0,2.54861e-10,1.3558e-10
12.0,14.0,3300.0,18.0,1.77065e-10,1.01143e-10
18.0,15.0,3400.0,13.0,3.4019e-10,1.65171e-10
21.0,19.0,3900.0,17.0,4.53522e-10,2.15849e-10
19.0,18.0,2200.0,13.0,3.7482e-10,1.79443e-10
17.0,21.0,3600.0,15.0,3.10851e-10,1.56005e-10
16.0,19.0,3600.0,14.0,2.78247e-10,1.41134e-10
19.0,11.0,2900.0,13.0,3.73866e-10,1.78281e-10
17.0,19.0,2300.0,19.0,3.14075e-10,1.60198e-10
15.0,14.0,2500.0,13.0,2.46854e-10,1.26298e-10
16.0,14.0,2900.0,16.0,2.78965e-10,1.42204e-10
16.0,16.0,2300.0,11.0,2.74492e-10,1.36219e-10
13.0,16.0,2200.0,11.0,1.92424e-10,1.0211e-10
