fin_main_sw,cap_load,frf,fin_battery_cap,Rout_LNA,Current Consumption,Output PP Amplitude,Tracking Bandwidth (GHz),ENOB,SNR,SFDR
2,8E-15,3.64E+10,90,58,1.08E-04,6.61E-01,7.458,8.102,50.54,50.65
2,8E-15,3.64E+10,80,58,1.08E-04,6.68E-01,7.53,8.008,49.97,50.08
2,8E-15,3.64E+10,80,58,1.08E-04,6.68E-01,7.53,8.008,49.97,50.08
2,8E-15,3.64E+10,70,58,1.08E-04,6.76E-01,7.6,7.911,49.39,49.5
2,8E-15,3.24E+10,90,58,1.08E-04,7.08E-01,7.458,8.779,54.62,54.73
2,8E-15,3.64E+10,90,45,1.08E-04,7.09E-01,7.644,8.121,50.66,50.77
2,8E-15,3.64E+10,80,45,1.08E-04,7.15E-01,7.702,8.012,50,50.11
2,8E-15,3.64E+10,80,45,1.08E-04,7.15E-01,7.702,8.012,50,50.11
2,8E-15,3.24E+10,80,58,1.08E-04,7.16E-01,7.53,8.861,55.11,55.23
2,8E-15,3.24E+10,80,58,1.08E-04,7.16E-01,7.53,8.861,55.11,55.23
2,8E-15,3.64E+10,70,45,1.08E-04,7.22E-01,7.759,7.903,49.34,49.45
2,8E-15,3.24E+10,70,58,1.08E-04,7.26E-01,7.6,8.991,55.89,56.02
2,8E-15,3.64E+10,90,38,1.08E-04,7.36E-01,7.746,8.085,50.44,50.55
2,6E-15,3.64E+10,90,58,1.08E-04,7.38E-01,9.375,8.474,52.78,52.91
2,6E-15,3.64E+10,90,58,1.08E-04,7.38E-01,9.375,8.474,52.78,52.91
2,8E-15,3.64E+10,80,38,1.08E-04,7.41E-01,7.796,7.969,49.74,49.85
2,8E-15,3.64E+10,80,38,1.08E-04,7.41E-01,7.796,7.969,49.74,49.85
2,6E-15,3.64E+10,80,58,1.08E-04,7.46E-01,9.499,8.301,51.74,51.86
2,6E-15,3.64E+10,80,58,1.08E-04,7.46E-01,9.499,8.301,51.74,51.86
2,6E-15,3.64E+10,80,58,1.08E-04,7.46E-01,9.499,8.301,51.74,51.86
2,6E-15,3.64E+10,80,58,1.08E-04,7.46E-01,9.499,8.301,51.74,51.86
2,8E-15,3.64E+10,70,38,1.08E-04,7.47E-01,7.845,7.849,49.02,49.13
2,8E-15,3.24E+10,90,45,1.08E-04,7.54E-01,7.644,8.805,54.77,54.89
2,6E-15,3.64E+10,70,58,1.08E-04,7.57E-01,9.623,8.14,50.77,50.89
2,6E-15,3.64E+10,70,58,1.08E-04,7.57E-01,9.623,8.14,50.77,50.89
2,8E-15,3.24E+10,80,45,1.08E-04,7.61E-01,7.702,8.899,55.34,55.46
2,8E-15,3.24E+10,80,45,1.08E-04,7.61E-01,7.702,8.899,55.34,55.46
2,8E-15,2.84E+10,90,58,1.08E-04,7.61E-01,7.458,8.485,52.84,52.95
2,8E-15,3.24E+10,70,45,1.08E-04,7.67E-01,7.759,9.044,56.21,56.33
2,8E-15,2.84E+10,80,58,1.08E-04,7.70E-01,7.53,8.395,52.3,52.41
2,8E-15,2.84E+10,80,58,1.08E-04,7.70E-01,7.53,8.395,52.3,52.41
2,8E-15,2.84E+10,70,58,1.08E-04,7.80E-01,7.6,8.318,51.84,51.95
4,8E-15,3.64E+10,90,58,1.09E-04,7.80E-01,12.06,9.585,59.47,59.73
4,8E-15,3.64E+10,90,58,1.09E-04,7.80E-01,12.06,9.585,59.47,59.73
2,8E-15,3.24E+10,90,38,1.08E-04,7.81E-01,7.746,8.715,54.23,54.34
2,6E-15,3.24E+10,90,58,1.08E-04,7.82E-01,9.375,8.793,54.7,54.82
2,6E-15,3.24E+10,90,58,1.08E-04,7.82E-01,9.375,8.793,54.7,54.82
2,8E-15,3.24E+10,80,38,1.08E-04,7.86E-01,7.796,8.786,54.66,54.77
2,8E-15,3.24E+10,80,38,1.08E-04,7.86E-01,7.796,8.786,54.66,54.77
4,8E-15,3.64E+10,80,58,1.10E-04,7.89E-01,12.26,9.278,57.62,57.83
4,8E-15,3.64E+10,80,58,1.10E-04,7.89E-01,12.26,9.278,57.62,57.83
4,8E-15,3.64E+10,80,58,1.10E-04,7.89E-01,12.26,9.278,57.62,57.83
4,8E-15,3.64E+10,80,58,1.10E-04,7.89E-01,12.26,9.278,57.62,57.83
2,6E-15,3.64E+10,90,45,1.08E-04,7.90E-01,9.682,8.304,51.76,51.87
2,6E-15,3.64E+10,90,45,1.08E-04,7.90E-01,9.682,8.304,51.76,51.87
2,6E-15,3.24E+10,80,58,1.08E-04,7.91E-01,9.499,8.695,54.11,54.23
2,6E-15,3.24E+10,80,58,1.08E-04,7.91E-01,9.499,8.695,54.11,54.23
2,6E-15,3.24E+10,80,58,1.08E-04,7.91E-01,9.499,8.695,54.11,54.23
2,6E-15,3.24E+10,80,58,1.08E-04,7.91E-01,9.499,8.695,54.11,54.23
2,8E-15,3.24E+10,70,38,1.08E-04,7.92E-01,7.845,8.901,55.35,55.47
2,6E-15,3.64E+10,80,45,1.08E-04,7.97E-01,9.786,8.137,50.75,50.87
2,6E-15,3.64E+10,80,45,1.08E-04,7.97E-01,9.786,8.137,50.75,50.87
2,6E-15,3.64E+10,80,45,1.08E-04,7.97E-01,9.786,8.137,50.75,50.87
2,6E-15,3.64E+10,80,45,1.08E-04,7.97E-01,9.786,8.137,50.75,50.87
2,8E-15,2.56E+10,90,58,1.07E-04,7.99E-01,7.458,7.662,47.89,48
4,8E-15,3.64E+10,70,58,1.10E-04,8.00E-01,12.48,8.995,55.92,56.09
4,8E-15,3.64E+10,70,58,1.10E-04,8.00E-01,12.48,8.995,55.92,56.09
2,6E-15,3.24E+10,70,58,1.08E-04,8.02E-01,9.623,8.602,53.55,53.67
2,6E-15,3.24E+10,70,58,1.08E-04,8.02E-01,9.623,8.602,53.55,53.67
2,8E-15,2.84E+10,90,45,1.08E-04,8.06E-01,7.644,8.262,51.5,51.61
2,6E-15,3.64E+10,70,45,1.08E-04,8.06E-01,9.889,7.981,49.81,49.93
2,6E-15,3.64E+10,70,45,1.08E-04,8.06E-01,9.889,7.981,49.81,49.93
2,8E-15,2.56E+10,80,58,1.08E-04,8.11E-01,7.53,7.73,48.3,48.41
2,8E-15,2.56E+10,80,58,1.08E-04,8.11E-01,7.53,7.73,48.3,48.41
2,8E-15,2.84E+10,80,45,1.08E-04,8.13E-01,7.702,8.19,51.07,51.18
2,8E-15,2.84E+10,80,45,1.08E-04,8.13E-01,7.702,8.19,51.07,51.18
6,8E-15,3.64E+10,90,58,1.11E-04,8.16E-01,15.07,8.412,52.41,52.56
2,6E-15,3.64E+10,90,38,1.08E-04,8.19E-01,9.853,8.231,51.32,51.43
2,6E-15,3.64E+10,90,38,1.08E-04,8.19E-01,9.853,8.231,51.32,51.43
2,4E-15,3.64E+10,90,58,1.08E-04,8.20E-01,12.74,8.807,54.79,54.95
2,8E-15,2.84E+10,70,45,1.08E-04,8.22E-01,7.759,8.128,50.69,50.8
4,8E-15,3.24E+10,90,58,1.09E-04,8.24E-01,12.06,8.335,51.94,52.06
4,8E-15,3.24E+10,90,58,1.09E-04,8.24E-01,12.06,8.335,51.94,52.06
2,8E-15,2.56E+10,70,58,1.08E-04,8.24E-01,7.6,7.828,48.89,49.01
6,8E-15,3.64E+10,80,58,1.11E-04,8.24E-01,15.36,8.532,53.13,53.29
6,8E-15,3.64E+10,80,58,1.11E-04,8.24E-01,15.36,8.532,53.13,53.29
4,6E-15,3.64E+10,90,58,1.09E-04,8.26E-01,14.53,8.529,53.11,53.27
4,6E-15,3.64E+10,90,58,1.09E-04,8.26E-01,14.53,8.529,53.11,53.27
4,6E-15,3.64E+10,90,58,1.09E-04,8.26E-01,14.53,8.529,53.11,53.27
4,6E-15,3.64E+10,90,58,1.09E-04,8.26E-01,14.53,8.529,53.11,53.27
2,6E-15,3.64E+10,80,38,1.08E-04,8.26E-01,9.944,8.065,50.32,50.43
2,6E-15,3.64E+10,80,38,1.08E-04,8.26E-01,9.944,8.065,50.32,50.43
2,6E-15,3.64E+10,80,38,1.08E-04,8.26E-01,9.944,8.065,50.32,50.43
2,6E-15,3.64E+10,80,38,1.08E-04,8.26E-01,9.944,8.065,50.32,50.43
2,6E-15,2.84E+10,90,58,1.08E-04,8.30E-01,9.375,8.356,52.07,52.18
2,6E-15,2.84E+10,90,58,1.08E-04,8.30E-01,9.375,8.356,52.07,52.18
2,4E-15,3.64E+10,80,58,1.08E-04,8.31E-01,12.97,8.686,54.06,54.21
2,4E-15,3.64E+10,80,58,1.08E-04,8.31E-01,12.97,8.686,54.06,54.21
2,8E-15,2.84E+10,90,38,1.08E-04,8.31E-01,7.746,8.126,50.68,50.79
2,6E-15,3.24E+10,90,45,1.08E-04,8.32E-01,9.682,8.368,52.14,52.25
2,6E-15,3.24E+10,90,45,1.08E-04,8.32E-01,9.682,8.368,52.14,52.25
4,8E-15,3.24E+10,80,58,1.10E-04,8.32E-01,12.26,8.195,51.1,51.21
4,8E-15,3.24E+10,80,58,1.10E-04,8.32E-01,12.26,8.195,51.1,51.21
4,8E-15,3.24E+10,80,58,1.10E-04,8.32E-01,12.26,8.195,51.1,51.21
4,8E-15,3.24E+10,80,58,1.10E-04,8.32E-01,12.26,8.195,51.1,51.21
2,6E-15,3.64E+10,70,38,1.08E-04,8.34E-01,10.03,7.91,49.39,49.5
2,6E-15,3.64E+10,70,38,1.08E-04,8.34E-01,10.03,7.91,49.39,49.5
6,8E-15,3.64E+10,70,58,1.11E-04,8.36E-01,15.69,8.611,53.6,53.77
4,6E-15,3.64E+10,80,58,1.10E-04,8.36E-01,14.81,8.582,53.43,53.59
4,6E-15,3.64E+10,80,58,1.10E-04,8.36E-01,14.81,8.582,53.43,53.59
4,6E-15,3.64E+10,80,58,1.10E-04,8.36E-01,14.81,8.582,53.43,53.59
4,6E-15,3.64E+10,80,58,1.10E-04,8.36E-01,14.81,8.582,53.43,53.59
4,6E-15,3.64E+10,80,58,1.10E-04,8.36E-01,14.81,8.582,53.43,53.59
4,6E-15,3.64E+10,80,58,1.10E-04,8.36E-01,14.81,8.582,53.43,53.59
4,6E-15,3.64E+10,80,58,1.10E-04,8.36E-01,14.81,8.582,53.43,53.59
4,6E-15,3.64E+10,80,58,1.10E-04,8.36E-01,14.81,8.582,53.43,53.59
2,8E-15,2.84E+10,80,38,1.08E-04,8.38E-01,7.796,8.063,50.3,50.41
2,8E-15,2.84E+10,80,38,1.08E-04,8.38E-01,7.796,8.063,50.3,50.41
2,6E-15,3.24E+10,80,45,1.08E-04,8.40E-01,9.786,8.275,51.58,51.69
2,6E-15,3.24E+10,80,45,1.08E-04,8.40E-01,9.786,8.275,51.58,51.69
2,6E-15,3.24E+10,80,45,1.08E-04,8.40E-01,9.786,8.275,51.58,51.69
2,6E-15,3.24E+10,80,45,1.08E-04,8.40E-01,9.786,8.275,51.58,51.69
4,8E-15,3.64E+10,90,45,1.10E-04,8.40E-01,12.66,8.917,55.44,55.6
4,8E-15,3.64E+10,90,45,1.10E-04,8.40E-01,12.66,8.917,55.44,55.6
2,6E-15,2.84E+10,80,58,1.08E-04,8.41E-01,9.499,8.271,51.56,51.67
2,6E-15,2.84E+10,80,58,1.08E-04,8.41E-01,9.499,8.271,51.56,51.67
2,6E-15,2.84E+10,80,58,1.08E-04,8.41E-01,9.499,8.271,51.56,51.67
2,6E-15,2.84E+10,80,58,1.08E-04,8.41E-01,9.499,8.271,51.56,51.67
2,8E-15,2.56E+10,90,45,1.07E-04,8.41E-01,7.644,7.69,48.06,48.17
2,4E-15,3.64E+10,70,58,1.08E-04,8.43E-01,13.2,8.524,53.08,53.23
4,8E-15,3.24E+10,70,58,1.10E-04,8.44E-01,12.48,8.044,50.19,50.3
4,8E-15,3.24E+10,70,58,1.10E-04,8.44E-01,12.48,8.044,50.19,50.3
2,8E-15,2.84E+10,70,38,1.08E-04,8.45E-01,7.845,8.007,49.97,50.08
4,8E-15,3.64E+10,80,45,1.10E-04,8.49E-01,12.84,8.801,54.75,54.89
4,8E-15,3.64E+10,80,45,1.10E-04,8.49E-01,12.84,8.801,54.75,54.89
4,8E-15,3.64E+10,80,45,1.10E-04,8.49E-01,12.84,8.801,54.75,54.89
4,8E-15,3.64E+10,80,45,1.10E-04,8.49E-01,12.84,8.801,54.75,54.89
4,6E-15,3.64E+10,70,58,1.10E-04,8.49E-01,15.12,8.575,53.39,53.55
4,6E-15,3.64E+10,70,58,1.10E-04,8.49E-01,15.12,8.575,53.39,53.55
4,6E-15,3.64E+10,70,58,1.10E-04,8.49E-01,15.12,8.575,53.39,53.55
4,6E-15,3.64E+10,70,58,1.10E-04,8.49E-01,15.12,8.575,53.39,53.55
2,6E-15,3.24E+10,70,45,1.08E-04,8.49E-01,9.889,8.184,51.03,51.14
2,6E-15,3.24E+10,70,45,1.08E-04,8.49E-01,9.889,8.184,51.03,51.14
2,8E-15,2.56E+10,80,45,1.08E-04,8.51E-01,7.702,7.778,48.59,48.7
2,8E-15,2.56E+10,80,45,1.08E-04,8.51E-01,7.702,7.778,48.59,48.7
6,6E-15,3.64E+10,90,58,1.11E-04,8.51E-01,17.76,7.623,47.66,47.78
6,6E-15,3.64E+10,90,58,1.11E-04,8.51E-01,17.76,7.623,47.66,47.78
2,6E-15,2.84E+10,70,58,1.08E-04,8.53E-01,9.623,8.186,51.04,51.15
2,6E-15,2.84E+10,70,58,1.08E-04,8.53E-01,9.623,8.186,51.04,51.15
6,8E-15,3.24E+10,90,58,1.11E-04,8.54E-01,15.07,7.94,49.56,49.68
2,8E-15,2.44E+10,90,58,1.08E-04,8.56E-01,7.458,7.44,46.55,46.66
2,6E-15,2.56E+10,90,58,1.07E-04,8.58E-01,9.375,7.488,46.84,46.96
2,6E-15,2.56E+10,90,58,1.07E-04,8.58E-01,9.375,7.488,46.84,46.96
4,8E-15,3.64E+10,70,45,1.10E-04,8.58E-01,13.02,8.62,53.66,53.8
4,8E-15,3.64E+10,70,45,1.10E-04,8.58E-01,13.02,8.62,53.66,53.8
2,4E-15,3.24E+10,90,58,1.08E-04,8.60E-01,12.74,8.03,50.11,50.22
6,6E-15,3.64E+10,80,58,1.11E-04,8.60E-01,18.16,7.693,48.08,48.2
6,6E-15,3.64E+10,80,58,1.11E-04,8.60E-01,18.16,7.693,48.08,48.2
6,6E-15,3.64E+10,80,58,1.11E-04,8.60E-01,18.16,7.693,48.08,48.2
6,6E-15,3.64E+10,80,58,1.11E-04,8.60E-01,18.16,7.693,48.08,48.2
2,6E-15,3.24E+10,90,38,1.08E-04,8.61E-01,9.853,8.201,51.13,51.24
2,6E-15,3.24E+10,90,38,1.08E-04,8.61E-01,9.853,8.201,51.13,51.24
2,8E-15,2.44E+10,80,58,1.08E-04,8.61E-01,7.53,7.427,46.48,46.58
2,8E-15,2.44E+10,80,58,1.08E-04,8.61E-01,7.53,7.427,46.48,46.58
2,8E-15,2.56E+10,70,45,1.08E-04,8.61E-01,7.759,7.902,49.34,49.45
4,6E-15,3.24E+10,90,58,1.09E-04,8.64E-01,14.53,7.897,49.31,49.42
4,6E-15,3.24E+10,90,58,1.09E-04,8.64E-01,14.53,7.897,49.31,49.42
4,6E-15,3.24E+10,90,58,1.09E-04,8.64E-01,14.53,7.897,49.31,49.42
4,6E-15,3.24E+10,90,58,1.09E-04,8.64E-01,14.53,7.897,49.31,49.42
6,8E-15,3.24E+10,80,58,1.11E-04,8.64E-01,15.36,7.819,48.83,48.95
6,8E-15,3.24E+10,80,58,1.11E-04,8.64E-01,15.36,7.819,48.83,48.95
2,8E-15,2.56E+10,90,38,1.07E-04,8.64E-01,7.746,7.685,48.03,48.14
4,8E-15,2.84E+10,90,58,1.10E-04,8.65E-01,12.06,8.67,53.96,54.09
4,8E-15,2.84E+10,90,58,1.10E-04,8.65E-01,12.06,8.67,53.96,54.09
2,8E-15,2.44E+10,70,58,1.08E-04,8.67E-01,7.6,7.424,46.46,46.56
2,6E-15,3.24E+10,80,38,1.08E-04,8.67E-01,9.944,8.108,50.58,50.69
2,6E-15,3.24E+10,80,38,1.08E-04,8.67E-01,9.944,8.108,50.58,50.69
2,6E-15,3.24E+10,80,38,1.08E-04,8.67E-01,9.944,8.108,50.58,50.69
2,6E-15,3.24E+10,80,38,1.08E-04,8.67E-01,9.944,8.108,50.58,50.69
2,6E-15,2.56E+10,80,58,1.08E-04,8.70E-01,9.499,7.581,47.4,47.53
2,6E-15,2.56E+10,80,58,1.08E-04,8.70E-01,9.499,7.581,47.4,47.53
2,6E-15,2.56E+10,80,58,1.08E-04,8.70E-01,9.499,7.581,47.4,47.53
2,6E-15,2.56E+10,80,58,1.08E-04,8.70E-01,9.499,7.581,47.4,47.53
2,4E-15,3.24E+10,80,58,1.08E-04,8.70E-01,12.97,7.901,49.33,49.44
2,4E-15,3.24E+10,80,58,1.08E-04,8.70E-01,12.97,7.901,49.33,49.44
6,6E-15,3.64E+10,70,58,1.11E-04,8.72E-01,18.62,7.735,48.33,48.46
6,6E-15,3.64E+10,70,58,1.11E-04,8.72E-01,18.62,7.735,48.33,48.46
2,8E-15,2.56E+10,80,38,1.08E-04,8.73E-01,7.796,7.785,48.63,48.74
2,8E-15,2.56E+10,80,38,1.08E-04,8.73E-01,7.796,7.785,48.63,48.74
4,4E-15,3.64E+10,90,58,1.09E-04,8.73E-01,18.49,7.493,46.87,46.99
4,4E-15,3.64E+10,90,58,1.09E-04,8.73E-01,18.49,7.493,46.87,46.99
4,8E-15,3.64E+10,90,38,1.10E-04,8.75E-01,13,8.575,53.39,53.52
4,8E-15,3.64E+10,90,38,1.10E-04,8.75E-01,13,8.575,53.39,53.52
4,6E-15,3.24E+10,80,58,1.10E-04,8.75E-01,14.81,7.775,48.57,48.68
4,6E-15,3.24E+10,80,58,1.10E-04,8.75E-01,14.81,7.775,48.57,48.68
4,6E-15,3.24E+10,80,58,1.10E-04,8.75E-01,14.81,7.775,48.57,48.68
4,6E-15,3.24E+10,80,58,1.10E-04,8.75E-01,14.81,7.775,48.57,48.68
4,6E-15,3.24E+10,80,58,1.10E-04,8.75E-01,14.81,7.775,48.57,48.68
4,6E-15,3.24E+10,80,58,1.10E-04,8.75E-01,14.81,7.775,48.57,48.68
4,6E-15,3.24E+10,80,58,1.10E-04,8.75E-01,14.81,7.775,48.57,48.68
4,6E-15,3.24E+10,80,58,1.10E-04,8.75E-01,14.81,7.775,48.57,48.68
2,6E-15,3.24E+10,70,38,1.08E-04,8.75E-01,10.03,8.017,50.03,50.14
2,6E-15,3.24E+10,70,38,1.08E-04,8.75E-01,10.03,8.017,50.03,50.14
2,4E-15,3.64E+10,90,45,1.08E-04,8.76E-01,13.32,8.335,51.94,52.07
4,8E-15,2.84E+10,80,58,1.10E-04,8.76E-01,12.26,8.614,53.62,53.75
4,8E-15,2.84E+10,80,58,1.10E-04,8.76E-01,12.26,8.614,53.62,53.75
4,8E-15,2.84E+10,80,58,1.10E-04,8.76E-01,12.26,8.614,53.62,53.75
4,8E-15,2.84E+10,80,58,1.10E-04,8.76E-01,12.26,8.614,53.62,53.75
6,8E-15,3.24E+10,70,58,1.11E-04,8.77E-01,15.69,7.676,47.97,48.09
2,6E-15,2.84E+10,90,45,1.08E-04,8.78E-01,9.682,8.106,50.56,50.67
2,6E-15,2.84E+10,90,45,1.08E-04,8.78E-01,9.682,8.106,50.56,50.67
6,8E-15,3.64E+10,90,45,1.11E-04,8.79E-01,16.1,7.939,49.56,49.68
4,8E-15,3.24E+10,90,45,1.09E-04,8.79E-01,12.66,7.982,49.82,49.93
4,8E-15,3.24E+10,90,45,1.09E-04,8.79E-01,12.66,7.982,49.82,49.93
2,8E-15,2.56E+10,70,38,1.08E-04,8.82E-01,7.845,7.923,49.46,49.58
4,8E-15,3.64E+10,80,38,1.10E-04,8.82E-01,13.16,8.5,52.94,53.07
4,8E-15,3.64E+10,80,38,1.10E-04,8.82E-01,13.16,8.5,52.94,53.07
4,8E-15,3.64E+10,80,38,1.10E-04,8.82E-01,13.16,8.5,52.94,53.07
4,8E-15,3.64E+10,80,38,1.10E-04,8.82E-01,13.16,8.5,52.94,53.07
4,4E-15,3.64E+10,80,58,1.10E-04,8.83E-01,18.93,7.537,47.14,47.26
4,4E-15,3.64E+10,80,58,1.10E-04,8.83E-01,18.93,7.537,47.14,47.26
4,4E-15,3.64E+10,80,58,1.10E-04,8.83E-01,18.93,7.537,47.14,47.26
4,4E-15,3.64E+10,80,58,1.10E-04,8.83E-01,18.93,7.537,47.14,47.26
2,4E-15,3.24E+10,70,58,1.08E-04,8.84E-01,13.2,7.757,48.46,48.58
2,6E-15,2.56E+10,70,58,1.08E-04,8.84E-01,9.623,7.69,48.06,48.19
2,6E-15,2.56E+10,70,58,1.08E-04,8.84E-01,9.623,7.69,48.06,48.19
6,6E-15,3.24E+10,90,58,1.11E-04,8.85E-01,17.76,7.533,47.12,47.23
6,6E-15,3.24E+10,90,58,1.11E-04,8.85E-01,17.76,7.533,47.12,47.23
2,4E-15,3.64E+10,80,45,1.08E-04,8.85E-01,13.51,8.27,51.55,51.68
2,4E-15,3.64E+10,80,45,1.08E-04,8.85E-01,13.51,8.27,51.55,51.68
6,4E-15,3.64E+10,90,58,1.11E-04,8.86E-01,21.89,6.951,43.61,43.72
4,6E-15,3.64E+10,90,45,1.10E-04,8.87E-01,15.4,8.014,50.01,50.14
4,6E-15,3.64E+10,90,45,1.10E-04,8.87E-01,15.4,8.014,50.01,50.14
4,6E-15,3.64E+10,90,45,1.10E-04,8.87E-01,15.4,8.014,50.01,50.14
4,6E-15,3.64E+10,90,45,1.10E-04,8.87E-01,15.4,8.014,50.01,50.14
2,8E-15,2.44E+10,90,45,1.08E-04,8.87E-01,7.644,7.237,45.33,45.44
2,6E-15,2.84E+10,80,45,1.08E-04,8.87E-01,9.786,8.038,50.15,50.26
2,6E-15,2.84E+10,80,45,1.08E-04,8.87E-01,9.786,8.038,50.15,50.26
2,6E-15,2.84E+10,80,45,1.08E-04,8.87E-01,9.786,8.038,50.15,50.26
2,6E-15,2.84E+10,80,45,1.08E-04,8.87E-01,9.786,8.038,50.15,50.26
6,8E-15,3.64E+10,80,45,1.11E-04,8.88E-01,16.36,8.015,50.01,50.14
6,8E-15,3.64E+10,80,45,1.11E-04,8.88E-01,16.36,8.015,50.01,50.14
4,8E-15,3.24E+10,80,45,1.10E-04,8.88E-01,12.84,7.85,49.02,49.13
4,8E-15,3.24E+10,80,45,1.10E-04,8.88E-01,12.84,7.85,49.02,49.13
4,8E-15,3.24E+10,80,45,1.10E-04,8.88E-01,12.84,7.85,49.02,49.13
4,8E-15,3.24E+10,80,45,1.10E-04,8.88E-01,12.84,7.85,49.02,49.13
4,6E-15,3.24E+10,70,58,1.10E-04,8.89E-01,15.12,7.631,47.7,47.82
4,6E-15,3.24E+10,70,58,1.10E-04,8.89E-01,15.12,7.631,47.7,47.82
4,6E-15,3.24E+10,70,58,1.10E-04,8.89E-01,15.12,7.631,47.7,47.82
4,6E-15,3.24E+10,70,58,1.10E-04,8.89E-01,15.12,7.631,47.7,47.82
4,8E-15,2.84E+10,70,58,1.10E-04,8.90E-01,12.48,8.518,53.04,53.16
4,8E-15,2.84E+10,70,58,1.10E-04,8.90E-01,12.48,8.518,53.04,53.16
4,8E-15,2.56E+10,90,58,1.09E-04,8.90E-01,12.06,6.927,43.46,43.58
4,8E-15,2.56E+10,90,58,1.09E-04,8.90E-01,12.06,6.927,43.46,43.58
4,8E-15,3.64E+10,70,38,1.10E-04,8.91E-01,13.32,8.369,52.15,52.27
4,8E-15,3.64E+10,70,38,1.10E-04,8.91E-01,13.32,8.369,52.15,52.27
2,8E-15,2.44E+10,80,45,1.08E-04,8.92E-01,7.702,7.226,45.27,45.37
2,8E-15,2.44E+10,80,45,1.08E-04,8.92E-01,7.702,7.226,45.27,45.37
6,8E-15,2.84E+10,90,58,1.11E-04,8.92E-01,15.07,8.478,52.8,52.93
2,6E-15,2.44E+10,90,58,1.08E-04,8.94E-01,9.375,7.135,44.72,44.82
2,6E-15,2.44E+10,90,58,1.08E-04,8.94E-01,9.375,7.135,44.72,44.82
2,8E-15,2.44E+10,70,45,1.08E-04,8.96E-01,7.759,7.224,45.25,45.36
6,4E-15,3.64E+10,80,58,1.11E-04,8.96E-01,22.38,6.993,43.86,43.98
6,4E-15,3.64E+10,80,58,1.11E-04,8.96E-01,22.38,6.993,43.86,43.98
4,6E-15,3.64E+10,80,45,1.10E-04,8.96E-01,15.65,8.05,50.23,50.35
4,6E-15,3.64E+10,80,45,1.10E-04,8.96E-01,15.65,8.05,50.23,50.35
4,6E-15,3.64E+10,80,45,1.10E-04,8.96E-01,15.65,8.05,50.23,50.35
4,6E-15,3.64E+10,80,45,1.10E-04,8.96E-01,15.65,8.05,50.23,50.35
4,6E-15,3.64E+10,80,45,1.10E-04,8.96E-01,15.65,8.05,50.23,50.35
4,6E-15,3.64E+10,80,45,1.10E-04,8.96E-01,15.65,8.05,50.23,50.35
4,6E-15,3.64E+10,80,45,1.10E-04,8.96E-01,15.65,8.05,50.23,50.35
4,6E-15,3.64E+10,80,45,1.10E-04,8.96E-01,15.65,8.05,50.23,50.35
6,6E-15,3.24E+10,80,58,1.11E-04,8.96E-01,18.16,7.432,46.5,46.61
6,6E-15,3.24E+10,80,58,1.11E-04,8.96E-01,18.16,7.432,46.5,46.61
6,6E-15,3.24E+10,80,58,1.11E-04,8.96E-01,18.16,7.432,46.5,46.61
6,6E-15,3.24E+10,80,58,1.11E-04,8.96E-01,18.16,7.432,46.5,46.61
4,4E-15,3.64E+10,70,58,1.10E-04,8.96E-01,19.41,7.549,47.21,47.33
4,4E-15,3.64E+10,70,58,1.10E-04,8.96E-01,19.41,7.549,47.21,47.33
2,4E-15,3.64E+10,70,45,1.08E-04,8.96E-01,13.71,8.155,50.86,50.98
2,6E-15,2.84E+10,70,45,1.08E-04,8.98E-01,9.889,7.965,49.71,49.82
2,6E-15,2.84E+10,70,45,1.08E-04,8.98E-01,9.889,7.965,49.71,49.82
4,8E-15,3.24E+10,70,45,1.10E-04,8.99E-01,13.02,7.712,48.19,48.3
4,8E-15,3.24E+10,70,45,1.10E-04,8.99E-01,13.02,7.712,48.19,48.3
6,8E-15,3.64E+10,70,45,1.11E-04,8.99E-01,16.65,8.05,50.23,50.36
2,4E-15,2.84E+10,90,58,1.08E-04,8.99E-01,12.74,8.444,52.6,52.72
2,2E-15,3.64E+10,90,58,1.08E-04,9.00E-01,20,7.251,45.42,45.53
2,6E-15,2.56E+10,90,45,1.07E-04,9.01E-01,9.682,7.26,45.47,45.59
2,6E-15,2.56E+10,90,45,1.07E-04,9.01E-01,9.682,7.26,45.47,45.59
2,6E-15,2.44E+10,80,58,1.08E-04,9.02E-01,9.499,7.094,44.47,44.58
2,6E-15,2.44E+10,80,58,1.08E-04,9.02E-01,9.499,7.094,44.47,44.58
2,6E-15,2.44E+10,80,58,1.08E-04,9.02E-01,9.499,7.094,44.47,44.58
2,6E-15,2.44E+10,80,58,1.08E-04,9.02E-01,9.499,7.094,44.47,44.58
4,6E-15,2.84E+10,90,58,1.10E-04,9.02E-01,14.53,8.471,52.76,52.88
4,6E-15,2.84E+10,90,58,1.10E-04,9.02E-01,14.53,8.471,52.76,52.88
4,6E-15,2.84E+10,90,58,1.10E-04,9.02E-01,14.53,8.471,52.76,52.88
4,6E-15,2.84E+10,90,58,1.10E-04,9.02E-01,14.53,8.471,52.76,52.88
4,8E-15,2.56E+10,80,58,1.09E-04,9.03E-01,12.26,6.995,43.88,43.99
4,8E-15,2.56E+10,80,58,1.09E-04,9.03E-01,12.26,6.995,43.88,43.99
4,8E-15,2.56E+10,80,58,1.09E-04,9.03E-01,12.26,6.995,43.88,43.99
4,8E-15,2.56E+10,80,58,1.09E-04,9.03E-01,12.26,6.995,43.88,43.99
2,8E-15,2.44E+10,90,38,1.08E-04,9.04E-01,7.746,7.109,44.56,44.67
6,8E-15,2.84E+10,80,58,1.11E-04,9.04E-01,15.36,8.485,52.84,52.97
6,8E-15,2.84E+10,80,58,1.11E-04,9.04E-01,15.36,8.485,52.84,52.97
4,4E-15,3.24E+10,90,58,1.09E-04,9.04E-01,18.49,7.362,46.08,46.19
4,4E-15,3.24E+10,90,58,1.09E-04,9.04E-01,18.49,7.362,46.08,46.19
2,6E-15,2.84E+10,90,38,1.08E-04,9.05E-01,9.853,8.001,49.93,50.04
2,6E-15,2.84E+10,90,38,1.08E-04,9.05E-01,9.853,8.001,49.93,50.04
2,4E-15,3.64E+10,90,38,1.08E-04,9.07E-01,13.65,8.075,50.37,50.49
2,8E-15,2.44E+10,80,38,1.08E-04,9.07E-01,7.796,7.099,44.5,44.61
2,8E-15,2.44E+10,80,38,1.08E-04,9.07E-01,7.796,7.099,44.5,44.61
4,6E-15,3.64E+10,70,45,1.10E-04,9.07E-01,15.91,8.029,50.1,50.23
4,6E-15,3.64E+10,70,45,1.10E-04,9.07E-01,15.91,8.029,50.1,50.23
4,6E-15,3.64E+10,70,45,1.10E-04,9.07E-01,15.91,8.029,50.1,50.23
4,6E-15,3.64E+10,70,45,1.10E-04,9.07E-01,15.91,8.029,50.1,50.23
6,4E-15,3.64E+10,70,58,1.11E-04,9.09E-01,22.94,7.016,44,44.11
6,6E-15,3.24E+10,70,58,1.11E-04,9.10E-01,18.62,7.307,45.75,45.86
6,6E-15,3.24E+10,70,58,1.11E-04,9.10E-01,18.62,7.307,45.75,45.86
2,8E-15,2.44E+10,70,38,1.08E-04,9.11E-01,7.845,7.097,44.49,44.6
2,6E-15,2.44E+10,70,58,1.08E-04,9.11E-01,9.623,7.049,44.2,44.3
2,6E-15,2.44E+10,70,58,1.08E-04,9.11E-01,9.623,7.049,44.2,44.3
2,4E-15,3.24E+10,90,45,1.08E-04,9.12E-01,13.32,7.739,48.36,48.47
2,2E-15,3.64E+10,80,58,1.08E-04,9.12E-01,20.47,7.274,45.56,45.67
2,2E-15,3.64E+10,80,58,1.08E-04,9.12E-01,20.47,7.274,45.56,45.67
4,8E-15,3.24E+10,90,38,1.10E-04,9.12E-01,13,7.792,48.67,48.78
4,8E-15,3.24E+10,90,38,1.10E-04,9.12E-01,13,7.792,48.67,48.78
2,6E-15,2.56E+10,80,45,1.08E-04,9.12E-01,9.786,7.358,46.06,46.18
2,6E-15,2.56E+10,80,45,1.08E-04,9.12E-01,9.786,7.358,46.06,46.18
2,6E-15,2.56E+10,80,45,1.08E-04,9.12E-01,9.786,7.358,46.06,46.18
2,6E-15,2.56E+10,80,45,1.08E-04,9.12E-01,9.786,7.358,46.06,46.18
6,6E-15,3.64E+10,90,45,1.11E-04,9.12E-01,19.23,7.349,46.01,46.12
6,6E-15,3.64E+10,90,45,1.11E-04,9.12E-01,19.23,7.349,46.01,46.12
2,4E-15,2.84E+10,80,58,1.08E-04,9.13E-01,12.97,8.388,52.26,52.38
2,4E-15,2.84E+10,80,58,1.08E-04,9.13E-01,12.97,8.388,52.26,52.38
2,6E-15,2.84E+10,80,38,1.08E-04,9.13E-01,9.944,7.939,49.56,49.66
2,6E-15,2.84E+10,80,38,1.08E-04,9.13E-01,9.944,7.939,49.56,49.66
2,6E-15,2.84E+10,80,38,1.08E-04,9.13E-01,9.944,7.939,49.56,49.66
2,6E-15,2.84E+10,80,38,1.08E-04,9.13E-01,9.944,7.939,49.56,49.66
6,4E-15,3.24E+10,90,58,1.11E-04,9.14E-01,21.89,7.06,44.26,44.37
6,8E-15,3.24E+10,90,45,1.11E-04,9.14E-01,16.1,7.577,47.38,47.49
6,8E-15,2.56E+10,90,58,1.11E-04,9.15E-01,15.07,6.594,41.46,41.57
4,8E-15,2.44E+10,90,58,1.10E-04,9.15E-01,12.06,7.072,44.34,44.45
4,8E-15,2.44E+10,90,58,1.10E-04,9.15E-01,12.06,7.072,44.34,44.45
4,6E-15,2.84E+10,80,58,1.10E-04,9.15E-01,14.81,8.46,52.69,52.82
4,6E-15,2.84E+10,80,58,1.10E-04,9.15E-01,14.81,8.46,52.69,52.82
4,6E-15,2.84E+10,80,58,1.10E-04,9.15E-01,14.81,8.46,52.69,52.82
4,6E-15,2.84E+10,80,58,1.10E-04,9.15E-01,14.81,8.46,52.69,52.82
4,6E-15,2.84E+10,80,58,1.10E-04,9.15E-01,14.81,8.46,52.69,52.82
4,6E-15,2.84E+10,80,58,1.10E-04,9.15E-01,14.81,8.46,52.69,52.82
4,6E-15,2.84E+10,80,58,1.10E-04,9.15E-01,14.81,8.46,52.69,52.82
4,6E-15,2.84E+10,80,58,1.10E-04,9.15E-01,14.81,8.46,52.69,52.82
2,4E-15,3.64E+10,80,38,1.08E-04,9.15E-01,13.82,8.026,50.08,50.2
2,4E-15,3.64E+10,80,38,1.08E-04,9.15E-01,13.82,8.026,50.08,50.2
4,2E-15,3.64E+10,90,58,1.09E-04,9.16E-01,26.12,6.34,39.93,40.04
4,2E-15,3.64E+10,90,58,1.09E-04,9.16E-01,26.12,6.34,39.93,40.04
6,8E-15,3.64E+10,90,38,1.11E-04,9.16E-01,16.71,7.689,48.06,48.17
4,8E-15,2.56E+10,70,58,1.10E-04,9.17E-01,12.48,7.072,44.34,44.45
4,8E-15,2.56E+10,70,58,1.10E-04,9.17E-01,12.48,7.072,44.34,44.45
4,4E-15,3.24E+10,80,58,1.10E-04,9.17E-01,18.93,7.261,45.48,45.59
4,4E-15,3.24E+10,80,58,1.10E-04,9.17E-01,18.93,7.261,45.48,45.59
4,4E-15,3.24E+10,80,58,1.10E-04,9.17E-01,18.93,7.261,45.48,45.59
4,4E-15,3.24E+10,80,58,1.10E-04,9.17E-01,18.93,7.261,45.48,45.59
6,2E-15,3.64E+10,90,58,1.11E-04,9.18E-01,29.04,5.832,36.88,36.98
6,8E-15,2.84E+10,70,58,1.11E-04,9.19E-01,15.69,8.428,52.5,52.63
6,6E-15,2.84E+10,90,58,1.11E-04,9.19E-01,17.76,7.816,48.82,48.94
6,6E-15,2.84E+10,90,58,1.11E-04,9.19E-01,17.76,7.816,48.82,48.94
4,8E-15,2.84E+10,90,45,1.10E-04,9.19E-01,12.66,8.39,52.28,52.39
4,8E-15,2.84E+10,90,45,1.10E-04,9.19E-01,12.66,8.39,52.28,52.39
4,8E-15,3.24E+10,80,38,1.10E-04,9.20E-01,13.16,7.666,47.92,48.02
4,8E-15,3.24E+10,80,38,1.10E-04,9.20E-01,13.16,7.666,47.92,48.02
4,8E-15,3.24E+10,80,38,1.10E-04,9.20E-01,13.16,7.666,47.92,48.02
4,8E-15,3.24E+10,80,38,1.10E-04,9.20E-01,13.16,7.666,47.92,48.02
4,6E-15,3.24E+10,90,45,1.09E-04,9.21E-01,15.4,7.568,47.32,47.43
4,6E-15,3.24E+10,90,45,1.09E-04,9.21E-01,15.4,7.568,47.32,47.43
4,6E-15,3.24E+10,90,45,1.09E-04,9.21E-01,15.4,7.568,47.32,47.43
4,6E-15,3.64E+10,90,38,1.10E-04,9.21E-01,15.91,7.756,48.46,48.57
4,6E-15,3.64E+10,90,38,1.10E-04,9.21E-01,15.91,7.756,48.46,48.57
4,6E-15,3.64E+10,90,38,1.10E-04,9.21E-01,15.91,7.756,48.46,48.57
4,6E-15,3.64E+10,90,38,1.10E-04,9.21E-01,15.91,7.756,48.46,48.57
2,4E-15,2.56E+10,90,58,1.07E-04,9.22E-01,12.74,6.831,42.89,43
2,4E-15,3.24E+10,80,45,1.08E-04,9.22E-01,13.51,7.616,47.61,47.72
2,4E-15,3.24E+10,80,45,1.08E-04,9.22E-01,13.51,7.616,47.61,47.72
6,6E-15,3.64E+10,80,45,1.11E-04,9.22E-01,19.59,7.409,46.37,46.48
6,6E-15,3.64E+10,80,45,1.11E-04,9.22E-01,19.59,7.409,46.37,46.48
6,6E-15,3.64E+10,80,45,1.11E-04,9.22E-01,19.59,7.409,46.37,46.48
6,6E-15,3.64E+10,80,45,1.11E-04,9.22E-01,19.59,7.409,46.37,46.48
2,6E-15,2.84E+10,70,38,1.08E-04,9.22E-01,10.03,7.871,49.15,49.25
2,6E-15,2.84E+10,70,38,1.08E-04,9.22E-01,10.03,7.871,49.15,49.25
2,6E-15,2.56E+10,70,45,1.08E-04,9.24E-01,9.889,7.472,46.74,46.87
2,6E-15,2.56E+10,70,45,1.08E-04,9.24E-01,9.889,7.472,46.74,46.87
6,8E-15,3.24E+10,80,45,1.11E-04,9.24E-01,16.36,7.462,46.69,46.8
6,8E-15,3.24E+10,80,45,1.11E-04,9.24E-01,16.36,7.462,46.69,46.8
6,8E-15,3.64E+10,80,38,1.11E-04,9.24E-01,16.95,7.75,48.42,48.54
6,8E-15,3.64E+10,80,38,1.11E-04,9.24E-01,16.95,7.75,48.42,48.54
4,6E-15,2.56E+10,90,58,1.09E-04,9.25E-01,14.53,6.65,41.8,41.91
4,6E-15,2.56E+10,90,58,1.09E-04,9.25E-01,14.53,6.65,41.8,41.91
4,6E-15,2.56E+10,90,58,1.09E-04,9.25E-01,14.53,6.65,41.8,41.91
4,6E-15,2.56E+10,90,58,1.09E-04,9.25E-01,14.53,6.65,41.8,41.91
2,6E-15,2.56E+10,90,38,1.07E-04,9.25E-01,9.853,7.127,44.67,44.79
2,6E-15,2.56E+10,90,38,1.07E-04,9.25E-01,9.853,7.127,44.67,44.79
2,4E-15,3.64E+10,70,38,1.08E-04,9.25E-01,14,7.94,49.56,49.68
4,8E-15,2.44E+10,80,58,1.10E-04,9.25E-01,12.26,7.028,44.08,44.18
4,8E-15,2.44E+10,80,58,1.10E-04,9.25E-01,12.26,7.028,44.08,44.18
4,8E-15,2.44E+10,80,58,1.10E-04,9.25E-01,12.26,7.028,44.08,44.18
4,8E-15,2.44E+10,80,58,1.10E-04,9.25E-01,12.26,7.028,44.08,44.18
2,2E-15,3.64E+10,70,58,1.08E-04,9.26E-01,20.98,7.267,45.51,45.63
6,4E-15,3.24E+10,80,58,1.11E-04,9.26E-01,22.38,6.971,43.73,43.84
6,4E-15,3.24E+10,80,58,1.11E-04,9.26E-01,22.38,6.971,43.73,43.84
6,8E-15,2.56E+10,80,58,1.11E-04,9.27E-01,15.36,6.648,41.79,41.9
6,8E-15,2.56E+10,80,58,1.11E-04,9.27E-01,15.36,6.648,41.79,41.9
4,2E-15,3.64E+10,80,58,1.10E-04,9.28E-01,26.69,6.361,40.06,40.17
4,2E-15,3.64E+10,80,58,1.10E-04,9.28E-01,26.69,6.361,40.06,40.17
4,2E-15,3.64E+10,80,58,1.10E-04,9.28E-01,26.69,6.361,40.06,40.17
4,2E-15,3.64E+10,80,58,1.10E-04,9.28E-01,26.69,6.361,40.06,40.17
2,4E-15,2.84E+10,70,58,1.08E-04,9.28E-01,13.2,8.293,51.69,51.81
2,2E-15,3.24E+10,90,58,1.08E-04,9.28E-01,20,7.137,44.73,44.84
6,2E-15,3.64E+10,80,58,1.11E-04,9.29E-01,29.63,5.845,36.95,37.06
6,2E-15,3.64E+10,80,58,1.11E-04,9.29E-01,29.63,5.845,36.95,37.06
4,8E-15,3.24E+10,70,38,1.10E-04,9.29E-01,13.32,7.535,47.13,47.23
4,8E-15,3.24E+10,70,38,1.10E-04,9.29E-01,13.32,7.535,47.13,47.23
4,8E-15,2.84E+10,80,45,1.10E-04,9.30E-01,12.84,8.346,52.01,52.13
4,8E-15,2.84E+10,80,45,1.10E-04,9.30E-01,12.84,8.346,52.01,52.13
4,8E-15,2.84E+10,80,45,1.10E-04,9.30E-01,12.84,8.346,52.01,52.13
4,8E-15,2.84E+10,80,45,1.10E-04,9.30E-01,12.84,8.346,52.01,52.13
4,6E-15,3.64E+10,80,38,1.10E-04,9.30E-01,16.13,7.783,48.62,48.73
4,6E-15,3.64E+10,80,38,1.10E-04,9.30E-01,16.13,7.783,48.62,48.73
4,6E-15,3.64E+10,80,38,1.10E-04,9.30E-01,16.13,7.783,48.62,48.73
4,6E-15,3.64E+10,80,38,1.10E-04,9.30E-01,16.13,7.783,48.62,48.73
4,6E-15,3.64E+10,80,38,1.10E-04,9.30E-01,16.13,7.783,48.62,48.73
4,6E-15,3.64E+10,80,38,1.10E-04,9.30E-01,16.13,7.783,48.62,48.73
4,6E-15,3.64E+10,80,38,1.10E-04,9.30E-01,16.13,7.783,48.62,48.73
4,6E-15,3.64E+10,80,38,1.10E-04,9.30E-01,16.13,7.783,48.62,48.73
4,6E-15,2.84E+10,70,58,1.10E-04,9.30E-01,15.12,8.386,52.25,52.38
4,6E-15,2.84E+10,70,58,1.10E-04,9.30E-01,15.12,8.386,52.25,52.38
4,6E-15,2.84E+10,70,58,1.10E-04,9.30E-01,15.12,8.386,52.25,52.38
4,6E-15,2.84E+10,70,58,1.10E-04,9.30E-01,15.12,8.386,52.25,52.38
4,4E-15,3.64E+10,90,45,1.09E-04,9.31E-01,19.96,7.25,45.41,45.53
4,4E-15,3.64E+10,90,45,1.09E-04,9.31E-01,19.96,7.25,45.41,45.53
4,6E-15,3.24E+10,80,45,1.10E-04,9.31E-01,15.65,7.448,46.6,46.71
4,6E-15,3.24E+10,80,45,1.10E-04,9.31E-01,15.65,7.448,46.6,46.71
4,6E-15,3.24E+10,80,45,1.10E-04,9.31E-01,15.65,7.448,46.6,46.71
4,6E-15,3.24E+10,80,45,1.10E-04,9.31E-01,15.65,7.448,46.6,46.71
4,6E-15,3.24E+10,80,45,1.10E-04,9.31E-01,15.65,7.448,46.6,46.71
4,6E-15,3.24E+10,80,45,1.10E-04,9.31E-01,15.65,7.448,46.6,46.71
4,6E-15,3.24E+10,80,45,1.10E-04,9.31E-01,15.65,7.448,46.6,46.71
4,6E-15,3.24E+10,80,45,1.10E-04,9.31E-01,15.65,7.448,46.6,46.71
4,4E-15,3.24E+10,70,58,1.10E-04,9.32E-01,19.41,7.134,44.71,44.82
4,4E-15,3.24E+10,70,58,1.10E-04,9.32E-01,19.41,7.134,44.71,44.82
6,6E-15,2.84E+10,80,58,1.11E-04,9.32E-01,18.16,7.798,48.71,48.83
6,6E-15,2.84E+10,80,58,1.11E-04,9.32E-01,18.16,7.798,48.71,48.83
6,6E-15,2.84E+10,80,58,1.11E-04,9.32E-01,18.16,7.798,48.71,48.83
6,6E-15,2.84E+10,80,58,1.11E-04,9.32E-01,18.16,7.798,48.71,48.83
2,6E-15,2.44E+10,90,45,1.08E-04,9.33E-01,9.682,6.933,43.5,43.61
2,6E-15,2.44E+10,90,45,1.08E-04,9.33E-01,9.682,6.933,43.5,43.61
2,4E-15,3.24E+10,70,45,1.08E-04,9.33E-01,13.71,7.483,46.81,46.92
6,6E-15,3.64E+10,70,45,1.11E-04,9.34E-01,19.98,7.445,46.58,46.7
6,6E-15,3.64E+10,70,45,1.11E-04,9.34E-01,19.98,7.445,46.58,46.7
6,8E-15,2.44E+10,90,58,1.11E-04,9.34E-01,15.07,6.947,43.58,43.69
6,8E-15,3.64E+10,70,38,1.11E-04,9.34E-01,17.22,7.771,48.55,48.66
2,6E-15,2.56E+10,80,38,1.08E-04,9.35E-01,9.944,7.227,45.27,45.39
2,6E-15,2.56E+10,80,38,1.08E-04,9.35E-01,9.944,7.227,45.27,45.39
2,6E-15,2.56E+10,80,38,1.08E-04,9.35E-01,9.944,7.227,45.27,45.39
2,6E-15,2.56E+10,80,38,1.08E-04,9.35E-01,9.944,7.227,45.27,45.39
2,4E-15,2.56E+10,80,58,1.08E-04,9.35E-01,12.97,6.893,43.26,43.37
2,4E-15,2.56E+10,80,58,1.08E-04,9.35E-01,12.97,6.893,43.26,43.37
6,8E-15,3.24E+10,70,45,1.11E-04,9.36E-01,16.65,7.327,45.87,45.98
4,8E-15,2.56E+10,90,45,1.09E-04,9.36E-01,12.66,6.703,42.12,42.23
4,8E-15,2.56E+10,90,45,1.09E-04,9.36E-01,12.66,6.703,42.12,42.23
6,6E-15,2.56E+10,90,58,1.11E-04,9.37E-01,17.76,6.357,40.04,40.15
6,6E-15,2.56E+10,90,58,1.11E-04,9.37E-01,17.76,6.357,40.04,40.15
4,4E-15,2.84E+10,90,58,1.10E-04,9.37E-01,18.49,7.608,47.57,47.68
4,4E-15,2.84E+10,90,58,1.10E-04,9.37E-01,18.49,7.608,47.57,47.68
4,6E-15,2.56E+10,80,58,1.09E-04,9.38E-01,14.81,6.703,42.12,42.23
4,6E-15,2.56E+10,80,58,1.09E-04,9.38E-01,14.81,6.703,42.12,42.23
4,6E-15,2.56E+10,80,58,1.09E-04,9.38E-01,14.81,6.703,42.12,42.23
4,6E-15,2.56E+10,80,58,1.09E-04,9.38E-01,14.81,6.703,42.12,42.23
4,6E-15,2.56E+10,80,58,1.09E-04,9.38E-01,14.81,6.703,42.12,42.23
4,6E-15,2.56E+10,80,58,1.09E-04,9.38E-01,14.81,6.703,42.12,42.23
4,6E-15,2.56E+10,80,58,1.09E-04,9.38E-01,14.81,6.703,42.12,42.23
4,6E-15,2.56E+10,80,58,1.09E-04,9.38E-01,14.81,6.703,42.12,42.23
4,8E-15,2.44E+10,70,58,1.10E-04,9.40E-01,12.48,6.973,43.75,43.85
4,8E-15,2.44E+10,70,58,1.10E-04,9.40E-01,12.48,6.973,43.75,43.85
4,2E-15,3.24E+10,90,58,1.09E-04,9.40E-01,26.12,6.595,41.47,41.57
4,2E-15,3.24E+10,90,58,1.09E-04,9.40E-01,26.12,6.595,41.47,41.57
4,6E-15,3.64E+10,70,38,1.10E-04,9.40E-01,16.37,7.764,48.5,48.62
4,6E-15,3.64E+10,70,38,1.10E-04,9.40E-01,16.37,7.764,48.5,48.62
4,6E-15,3.64E+10,70,38,1.10E-04,9.40E-01,16.37,7.764,48.5,48.62
4,6E-15,3.64E+10,70,38,1.10E-04,9.40E-01,16.37,7.764,48.5,48.62
6,2E-15,3.24E+10,90,58,1.11E-04,9.40E-01,29.04,6.222,39.22,39.33
2,6E-15,2.44E+10,80,45,1.08E-04,9.40E-01,9.786,6.897,43.28,43.39
2,6E-15,2.44E+10,80,45,1.08E-04,9.40E-01,9.786,6.897,43.28,43.39
2,6E-15,2.44E+10,80,45,1.08E-04,9.40E-01,9.786,6.897,43.28,43.39
2,6E-15,2.44E+10,80,45,1.08E-04,9.40E-01,9.786,6.897,43.28,43.39
6,8E-15,2.56E+10,70,58,1.11E-04,9.41E-01,15.69,6.708,42.15,42.26
2,4E-15,3.24E+10,90,38,1.08E-04,9.41E-01,13.65,7.576,47.38,47.48
4,8E-15,2.84E+10,70,45,1.10E-04,9.41E-01,13.02,8.265,51.52,51.64
4,8E-15,2.84E+10,70,45,1.10E-04,9.41E-01,13.02,8.265,51.52,51.64
4,4E-15,3.64E+10,80,45,1.10E-04,9.41E-01,20.33,7.293,45.67,45.78
4,4E-15,3.64E+10,80,45,1.10E-04,9.41E-01,20.33,7.293,45.67,45.78
4,4E-15,3.64E+10,80,45,1.10E-04,9.41E-01,20.33,7.293,45.67,45.78
4,4E-15,3.64E+10,80,45,1.10E-04,9.41E-01,20.33,7.293,45.67,45.78
6,4E-15,3.24E+10,70,58,1.11E-04,9.42E-01,22.94,6.859,43.06,43.17
2,2E-15,3.24E+10,80,58,1.08E-04,9.42E-01,20.47,7.036,44.12,44.23
2,2E-15,3.24E+10,80,58,1.08E-04,9.42E-01,20.47,7.036,44.12,44.23
4,2E-15,3.64E+10,70,58,1.09E-04,9.42E-01,27.36,6.367,40.1,40.21
4,2E-15,3.64E+10,70,58,1.09E-04,9.42E-01,27.36,6.367,40.1,40.21
2,4E-15,2.44E+10,90,58,1.08E-04,9.43E-01,12.74,6.953,43.62,43.73
6,2E-15,3.64E+10,70,58,1.11E-04,9.43E-01,30.37,5.846,36.95,37.06
4,6E-15,3.24E+10,70,45,1.10E-04,9.43E-01,15.91,7.316,45.81,45.92
4,6E-15,3.24E+10,70,45,1.10E-04,9.43E-01,15.91,7.316,45.81,45.92
4,6E-15,3.24E+10,70,45,1.10E-04,9.43E-01,15.91,7.316,45.81,45.92
4,6E-15,3.24E+10,70,45,1.10E-04,9.43E-01,15.91,7.316,45.81,45.92
6,6E-15,3.24E+10,90,45,1.11E-04,9.43E-01,19.23,7.257,45.45,45.56
6,6E-15,3.24E+10,90,45,1.11E-04,9.43E-01,19.23,7.257,45.45,45.56
4,6E-15,2.44E+10,90,58,1.10E-04,9.44E-01,14.53,6.932,43.5,43.6
4,6E-15,2.44E+10,90,58,1.10E-04,9.44E-01,14.53,6.932,43.5,43.6
4,6E-15,2.44E+10,90,58,1.10E-04,9.44E-01,14.53,6.932,43.5,43.6
4,6E-15,2.44E+10,90,58,1.10E-04,9.44E-01,14.53,6.932,43.5,43.6
6,4E-15,2.84E+10,90,58,1.11E-04,9.44E-01,21.89,6.975,43.75,43.86
2,6E-15,2.56E+10,70,38,1.08E-04,9.45E-01,10.03,7.344,45.97,46.1
2,6E-15,2.56E+10,70,38,1.08E-04,9.45E-01,10.03,7.344,45.97,46.1
6,4E-15,3.64E+10,90,45,1.11E-04,9.46E-01,24.01,6.75,42.4,42.51
6,8E-15,2.44E+10,80,58,1.12E-04,9.48E-01,15.36,6.924,43.45,43.55
6,8E-15,2.44E+10,80,58,1.12E-04,9.48E-01,15.36,6.924,43.45,43.55
6,6E-15,2.84E+10,70,58,1.11E-04,9.48E-01,18.62,7.741,48.37,48.48
6,6E-15,2.84E+10,70,58,1.11E-04,9.48E-01,18.62,7.741,48.37,48.48
4,8E-15,2.56E+10,80,45,1.10E-04,9.48E-01,12.84,6.779,42.57,42.69
4,8E-15,2.56E+10,80,45,1.10E-04,9.48E-01,12.84,6.779,42.57,42.69
4,8E-15,2.56E+10,80,45,1.10E-04,9.48E-01,12.84,6.779,42.57,42.69
4,8E-15,2.56E+10,80,45,1.10E-04,9.48E-01,12.84,6.779,42.57,42.69
6,6E-15,3.64E+10,90,38,1.11E-04,9.48E-01,20.1,7.201,45.12,45.23
6,6E-15,3.64E+10,90,38,1.11E-04,9.48E-01,20.1,7.201,45.12,45.23
2,4E-15,2.84E+10,90,45,1.08E-04,9.49E-01,13.32,8.191,51.07,51.19
6,8E-15,3.24E+10,90,38,1.11E-04,9.49E-01,16.71,7.381,46.2,46.31
6,8E-15,2.84E+10,90,45,1.11E-04,9.50E-01,16.1,8.09,50.47,50.58
2,4E-15,2.56E+10,70,58,1.08E-04,9.50E-01,13.2,6.961,43.67,43.78
4,8E-15,2.84E+10,90,38,1.10E-04,9.50E-01,13,8.227,51.29,51.4
4,8E-15,2.84E+10,90,38,1.10E-04,9.50E-01,13,8.227,51.29,51.4
2,4E-15,3.24E+10,80,38,1.08E-04,9.50E-01,13.82,7.459,46.67,46.78
2,4E-15,3.24E+10,80,38,1.08E-04,9.50E-01,13.82,7.459,46.67,46.78
2,6E-15,2.44E+10,70,45,1.08E-04,9.51E-01,9.889,6.858,43.05,43.16
2,6E-15,2.44E+10,70,45,1.08E-04,9.51E-01,9.889,6.858,43.05,43.16
6,6E-15,2.56E+10,80,58,1.11E-04,9.51E-01,18.16,6.395,40.26,40.38
6,6E-15,2.56E+10,80,58,1.11E-04,9.51E-01,18.16,6.395,40.26,40.38
6,6E-15,2.56E+10,80,58,1.11E-04,9.51E-01,18.16,6.395,40.26,40.38
6,6E-15,2.56E+10,80,58,1.11E-04,9.51E-01,18.16,6.395,40.26,40.38
4,4E-15,2.84E+10,80,58,1.10E-04,9.51E-01,18.93,7.577,47.38,47.5
4,4E-15,2.84E+10,80,58,1.10E-04,9.51E-01,18.93,7.577,47.38,47.5
4,4E-15,2.84E+10,80,58,1.10E-04,9.51E-01,18.93,7.577,47.38,47.5
4,4E-15,2.84E+10,80,58,1.10E-04,9.51E-01,18.93,7.577,47.38,47.5
4,6E-15,2.56E+10,70,58,1.10E-04,9.52E-01,15.12,6.762,42.47,42.59
4,6E-15,2.56E+10,70,58,1.10E-04,9.52E-01,15.12,6.762,42.47,42.59
4,6E-15,2.56E+10,70,58,1.10E-04,9.52E-01,15.12,6.762,42.47,42.59
4,6E-15,2.56E+10,70,58,1.10E-04,9.52E-01,15.12,6.762,42.47,42.59
4,6E-15,3.24E+10,90,38,1.10E-04,9.54E-01,15.91,7.386,46.23,46.33
4,6E-15,3.24E+10,90,38,1.10E-04,9.54E-01,15.91,7.386,46.23,46.33
4,6E-15,3.24E+10,90,38,1.10E-04,9.54E-01,15.91,7.386,46.23,46.33
4,6E-15,3.24E+10,90,38,1.10E-04,9.54E-01,15.91,7.386,46.23,46.33
4,2E-15,3.24E+10,80,58,1.09E-04,9.54E-01,26.69,6.518,41,41.11
4,2E-15,3.24E+10,80,58,1.09E-04,9.54E-01,26.69,6.518,41,41.11
4,2E-15,3.24E+10,80,58,1.09E-04,9.54E-01,26.69,6.518,41,41.11
4,2E-15,3.24E+10,80,58,1.09E-04,9.54E-01,26.69,6.518,41,41.11
6,2E-15,3.24E+10,80,58,1.11E-04,9.54E-01,29.63,6.161,38.86,38.96
6,2E-15,3.24E+10,80,58,1.11E-04,9.54E-01,29.63,6.161,38.86,38.96
6,6E-15,3.24E+10,80,45,1.11E-04,9.54E-01,19.59,7.159,44.86,44.97
6,6E-15,3.24E+10,80,45,1.11E-04,9.54E-01,19.59,7.159,44.86,44.97
6,6E-15,3.24E+10,80,45,1.11E-04,9.54E-01,19.59,7.159,44.86,44.97
6,6E-15,3.24E+10,80,45,1.11E-04,9.54E-01,19.59,7.159,44.86,44.97
4,4E-15,3.64E+10,70,45,1.10E-04,9.54E-01,20.73,7.31,45.77,45.89
4,4E-15,3.64E+10,70,45,1.10E-04,9.54E-01,20.73,7.31,45.77,45.89
4,4E-15,2.56E+10,90,58,1.09E-04,9.55E-01,18.49,6.298,39.68,39.8
4,4E-15,2.56E+10,90,58,1.09E-04,9.55E-01,18.49,6.298,39.68,39.8
6,4E-15,3.64E+10,80,45,1.11E-04,9.55E-01,24.43,6.796,42.68,42.79
6,4E-15,3.64E+10,80,45,1.11E-04,9.55E-01,24.43,6.796,42.68,42.79
2,2E-15,3.64E+10,90,45,1.08E-04,9.55E-01,21.54,7.053,44.23,44.34
2,6E-15,2.44E+10,90,38,1.08E-04,9.56E-01,9.853,6.829,42.88,42.98
2,6E-15,2.44E+10,90,38,1.08E-04,9.56E-01,9.853,6.829,42.88,42.98
6,6E-15,2.44E+10,90,58,1.11E-04,9.56E-01,17.76,6.595,41.47,41.57
6,6E-15,2.44E+10,90,58,1.11E-04,9.56E-01,17.76,6.595,41.47,41.57
4,6E-15,2.84E+10,90,45,1.10E-04,9.57E-01,15.4,8.114,50.61,50.73
4,6E-15,2.84E+10,90,45,1.10E-04,9.57E-01,15.4,8.114,50.61,50.73
4,6E-15,2.84E+10,90,45,1.10E-04,9.57E-01,15.4,8.114,50.61,50.73
6,6E-15,3.64E+10,80,38,1.11E-04,9.57E-01,20.42,7.26,45.47,45.58
6,6E-15,3.64E+10,80,38,1.11E-04,9.57E-01,20.42,7.26,45.47,45.58
6,6E-15,3.64E+10,80,38,1.11E-04,9.57E-01,20.42,7.26,45.47,45.58
6,6E-15,3.64E+10,80,38,1.11E-04,9.57E-01,20.42,7.26,45.47,45.58
2,4E-15,2.44E+10,80,58,1.08E-04,9.57E-01,12.97,6.902,43.31,43.42
2,4E-15,2.44E+10,80,58,1.08E-04,9.57E-01,12.97,6.902,43.31,43.42
6,8E-15,3.24E+10,80,38,1.11E-04,9.58E-01,16.95,7.269,45.52,45.63
6,8E-15,3.24E+10,80,38,1.11E-04,9.58E-01,16.95,7.269,45.52,45.63
2,8E-15,2.04E+10,90,58,1.08E-04,9.58E-01,7.458,8.2,51.13,51.24
2,2E-15,2.84E+10,90,58,1.08E-04,9.58E-01,20,7.273,45.55,45.66
4,6E-15,2.44E+10,80,58,1.10E-04,9.58E-01,14.81,6.894,43.26,43.37
4,6E-15,2.44E+10,80,58,1.10E-04,9.58E-01,14.81,6.894,43.26,43.37
4,6E-15,2.44E+10,80,58,1.10E-04,9.58E-01,14.81,6.894,43.26,43.37
4,6E-15,2.44E+10,80,58,1.10E-04,9.58E-01,14.81,6.894,43.26,43.37
4,6E-15,2.44E+10,80,58,1.10E-04,9.58E-01,14.81,6.894,43.26,43.37
4,6E-15,2.44E+10,80,58,1.10E-04,9.58E-01,14.81,6.894,43.26,43.37
4,6E-15,2.44E+10,80,58,1.10E-04,9.58E-01,14.81,6.894,43.26,43.37
4,6E-15,2.44E+10,80,58,1.10E-04,9.58E-01,14.81,6.894,43.26,43.37
2,2E-15,3.24E+10,70,58,1.08E-04,9.58E-01,20.98,6.909,43.36,43.47
6,4E-15,2.84E+10,80,58,1.11E-04,9.58E-01,22.38,6.928,43.47,43.58
6,4E-15,2.84E+10,80,58,1.11E-04,9.58E-01,22.38,6.928,43.47,43.58
4,8E-15,2.84E+10,80,38,1.10E-04,9.59E-01,13.16,8.19,51.07,51.18
4,8E-15,2.84E+10,80,38,1.10E-04,9.59E-01,13.16,8.19,51.07,51.18
4,8E-15,2.84E+10,80,38,1.10E-04,9.59E-01,13.16,8.19,51.07,51.18
4,8E-15,2.84E+10,80,38,1.10E-04,9.59E-01,13.16,8.19,51.07,51.18
2,4E-15,2.84E+10,80,45,1.08E-04,9.60E-01,13.51,8.146,50.81,50.92
2,4E-15,2.84E+10,80,45,1.08E-04,9.60E-01,13.51,8.146,50.81,50.92
4,4E-15,3.24E+10,90,45,1.09E-04,9.60E-01,19.96,7.14,44.75,44.86
4,4E-15,3.24E+10,90,45,1.09E-04,9.60E-01,19.96,7.14,44.75,44.86
2,4E-15,3.24E+10,70,38,1.08E-04,9.60E-01,14,7.334,45.91,46.02
6,8E-15,2.84E+10,80,45,1.11E-04,9.61E-01,16.36,8.088,50.46,50.57
6,8E-15,2.84E+10,80,45,1.11E-04,9.61E-01,16.36,8.088,50.46,50.57
4,8E-15,2.56E+10,70,45,1.10E-04,9.61E-01,13.02,6.864,43.09,43.2
4,8E-15,2.56E+10,70,45,1.10E-04,9.61E-01,13.02,6.864,43.09,43.2
6,4E-15,2.56E+10,90,58,1.11E-04,9.61E-01,21.89,5.965,37.68,37.81
4,6E-15,3.24E+10,80,38,1.10E-04,9.63E-01,16.13,7.274,45.55,45.66
4,6E-15,3.24E+10,80,38,1.10E-04,9.63E-01,16.13,7.274,45.55,45.66
4,6E-15,3.24E+10,80,38,1.10E-04,9.63E-01,16.13,7.274,45.55,45.66
4,6E-15,3.24E+10,80,38,1.10E-04,9.63E-01,16.13,7.274,45.55,45.66
4,6E-15,3.24E+10,80,38,1.10E-04,9.63E-01,16.13,7.274,45.55,45.66
4,6E-15,3.24E+10,80,38,1.10E-04,9.63E-01,16.13,7.274,45.55,45.66
4,6E-15,3.24E+10,80,38,1.10E-04,9.63E-01,16.13,7.274,45.55,45.66
4,6E-15,3.24E+10,80,38,1.10E-04,9.63E-01,16.13,7.274,45.55,45.66
6,8E-15,2.44E+10,70,58,1.12E-04,9.63E-01,15.69,6.88,43.19,43.29
4,8E-15,2.44E+10,90,45,1.10E-04,9.63E-01,12.66,6.882,43.2,43.3
4,8E-15,2.44E+10,90,45,1.10E-04,9.63E-01,12.66,6.882,43.2,43.3
2,6E-15,2.44E+10,80,38,1.08E-04,9.63E-01,9.944,6.796,42.68,42.78
2,6E-15,2.44E+10,80,38,1.08E-04,9.63E-01,9.944,6.796,42.68,42.78
2,6E-15,2.44E+10,80,38,1.08E-04,9.63E-01,9.944,6.796,42.68,42.78
2,6E-15,2.44E+10,80,38,1.08E-04,9.63E-01,9.944,6.796,42.68,42.78
4,8E-15,2.56E+10,90,38,1.09E-04,9.64E-01,13,6.578,41.36,41.47
4,8E-15,2.56E+10,90,38,1.09E-04,9.64E-01,13,6.578,41.36,41.47
2,4E-15,2.56E+10,90,45,1.07E-04,9.64E-01,13.32,6.627,41.66,41.77
6,8E-15,2.56E+10,90,45,1.11E-04,9.64E-01,16.1,6.391,40.24,40.35
4,4E-15,3.64E+10,90,38,1.10E-04,9.65E-01,20.81,7.119,44.62,44.73
4,4E-15,3.64E+10,90,38,1.10E-04,9.65E-01,20.81,7.119,44.62,44.73
2,2E-15,3.64E+10,80,45,1.08E-04,9.66E-01,21.93,7.087,44.43,44.54
2,2E-15,3.64E+10,80,45,1.08E-04,9.66E-01,21.93,7.087,44.43,44.54
6,4E-15,3.64E+10,70,45,1.11E-04,9.67E-01,24.92,6.832,42.9,43.01
6,6E-15,3.24E+10,70,45,1.11E-04,9.67E-01,19.98,7.038,44.13,44.24
6,6E-15,3.24E+10,70,45,1.11E-04,9.67E-01,19.98,7.038,44.13,44.24
2,8E-15,2.04E+10,80,58,1.08E-04,9.67E-01,7.53,8.384,52.24,52.35
2,8E-15,2.04E+10,80,58,1.08E-04,9.67E-01,7.53,8.384,52.24,52.35
6,6E-15,2.56E+10,70,58,1.11E-04,9.68E-01,18.62,6.436,40.51,40.63
6,6E-15,2.56E+10,70,58,1.11E-04,9.68E-01,18.62,6.436,40.51,40.63
4,6E-15,2.84E+10,80,45,1.10E-04,9.68E-01,15.65,8.099,50.52,50.63
4,6E-15,2.84E+10,80,45,1.10E-04,9.68E-01,15.65,8.099,50.52,50.63
4,6E-15,2.84E+10,80,45,1.10E-04,9.68E-01,15.65,8.099,50.52,50.63
4,6E-15,2.84E+10,80,45,1.10E-04,9.68E-01,15.65,8.099,50.52,50.63
4,6E-15,2.84E+10,80,45,1.10E-04,9.68E-01,15.65,8.099,50.52,50.63
4,6E-15,2.84E+10,80,45,1.10E-04,9.68E-01,15.65,8.099,50.52,50.63
4,6E-15,2.84E+10,80,45,1.10E-04,9.68E-01,15.65,8.099,50.52,50.63
4,6E-15,2.84E+10,80,45,1.10E-04,9.68E-01,15.65,8.099,50.52,50.63
4,2E-15,2.84E+10,90,58,1.09E-04,9.68E-01,26.12,6.339,39.93,40.03
4,2E-15,2.84E+10,90,58,1.09E-04,9.68E-01,26.12,6.339,39.93,40.03
4,4E-15,2.84E+10,70,58,1.10E-04,9.68E-01,19.41,7.509,46.97,47.08
4,4E-15,2.84E+10,70,58,1.10E-04,9.68E-01,19.41,7.509,46.97,47.08
6,8E-15,3.24E+10,70,38,1.11E-04,9.68E-01,17.22,7.146,44.79,44.89
6,6E-15,3.64E+10,70,38,1.11E-04,9.68E-01,20.77,7.299,45.71,45.82
6,6E-15,3.64E+10,70,38,1.11E-04,9.68E-01,20.77,7.299,45.71,45.82
6,2E-15,2.84E+10,90,58,1.11E-04,9.68E-01,29.04,5.932,37.48,37.58
4,8E-15,2.84E+10,70,38,1.10E-04,9.70E-01,13.32,8.113,50.61,50.72
4,8E-15,2.84E+10,70,38,1.10E-04,9.70E-01,13.32,8.113,50.61,50.72
4,4E-15,2.56E+10,80,58,1.09E-04,9.70E-01,18.93,6.327,39.85,39.98
4,4E-15,2.56E+10,80,58,1.09E-04,9.70E-01,18.93,6.327,39.85,39.98
4,4E-15,2.56E+10,80,58,1.09E-04,9.70E-01,18.93,6.327,39.85,39.98
4,4E-15,2.56E+10,80,58,1.09E-04,9.70E-01,18.93,6.327,39.85,39.98
6,2E-15,3.24E+10,70,58,1.11E-04,9.70E-01,30.37,6.084,38.39,38.5
4,2E-15,3.24E+10,70,58,1.09E-04,9.71E-01,27.36,6.421,40.42,40.53
4,2E-15,3.24E+10,70,58,1.09E-04,9.71E-01,27.36,6.421,40.42,40.53
4,6E-15,2.56E+10,90,45,1.09E-04,9.71E-01,15.4,6.451,40.6,40.71
4,6E-15,2.56E+10,90,45,1.09E-04,9.71E-01,15.4,6.451,40.6,40.71
4,6E-15,2.56E+10,90,45,1.09E-04,9.71E-01,15.4,6.451,40.6,40.71
4,6E-15,2.56E+10,90,45,1.09E-04,9.71E-01,15.4,6.451,40.6,40.71
6,6E-15,2.44E+10,80,58,1.12E-04,9.71E-01,18.16,6.571,41.32,41.43
6,6E-15,2.44E+10,80,58,1.12E-04,9.71E-01,18.16,6.571,41.32,41.43
6,6E-15,2.44E+10,80,58,1.12E-04,9.71E-01,18.16,6.571,41.32,41.43
6,6E-15,2.44E+10,80,58,1.12E-04,9.71E-01,18.16,6.571,41.32,41.43
4,4E-15,3.24E+10,80,45,1.10E-04,9.71E-01,20.33,7.042,44.16,44.27
4,4E-15,3.24E+10,80,45,1.10E-04,9.71E-01,20.33,7.042,44.16,44.27
4,4E-15,3.24E+10,80,45,1.10E-04,9.71E-01,20.33,7.042,44.16,44.27
4,4E-15,3.24E+10,80,45,1.10E-04,9.71E-01,20.33,7.042,44.16,44.27
6,4E-15,3.24E+10,90,45,1.11E-04,9.72E-01,24.01,6.923,43.44,43.55
2,6E-15,2.44E+10,70,38,1.08E-04,9.72E-01,10.03,6.762,42.47,42.58
2,6E-15,2.44E+10,70,38,1.08E-04,9.72E-01,10.03,6.762,42.47,42.58
2,4E-15,2.84E+10,70,45,1.08E-04,9.73E-01,13.71,8.061,50.29,50.41
4,4E-15,2.44E+10,90,58,1.10E-04,9.73E-01,18.49,6.451,40.6,40.7
4,4E-15,2.44E+10,90,58,1.10E-04,9.73E-01,18.49,6.451,40.6,40.7
2,4E-15,2.44E+10,70,58,1.08E-04,9.73E-01,13.2,6.839,42.94,43.04
6,8E-15,2.84E+10,70,45,1.11E-04,9.73E-01,16.65,8.032,50.12,50.23
4,2E-15,3.64E+10,90,45,1.09E-04,9.73E-01,28.96,6.14,38.73,38.83
4,2E-15,3.64E+10,90,45,1.09E-04,9.73E-01,28.96,6.14,38.73,38.83
4,6E-15,3.24E+10,70,38,1.10E-04,9.73E-01,16.37,7.152,44.82,44.92
4,6E-15,3.24E+10,70,38,1.10E-04,9.73E-01,16.37,7.152,44.82,44.92
4,6E-15,3.24E+10,70,38,1.10E-04,9.73E-01,16.37,7.152,44.82,44.92
4,6E-15,3.24E+10,70,38,1.10E-04,9.73E-01,16.37,7.152,44.82,44.92
2,2E-15,2.84E+10,80,58,1.08E-04,9.74E-01,20.47,7.226,45.27,45.38
2,2E-15,2.84E+10,80,58,1.08E-04,9.74E-01,20.47,7.226,45.27,45.38
4,8E-15,2.56E+10,80,38,1.10E-04,9.74E-01,13.16,6.658,41.84,41.96
4,8E-15,2.56E+10,80,38,1.10E-04,9.74E-01,13.16,6.658,41.84,41.96
4,8E-15,2.56E+10,80,38,1.10E-04,9.74E-01,13.16,6.658,41.84,41.96
4,8E-15,2.56E+10,80,38,1.10E-04,9.74E-01,13.16,6.658,41.84,41.96
4,6E-15,2.44E+10,70,58,1.10E-04,9.74E-01,15.12,6.84,42.94,43.05
4,6E-15,2.44E+10,70,58,1.10E-04,9.74E-01,15.12,6.84,42.94,43.05
4,6E-15,2.44E+10,70,58,1.10E-04,9.74E-01,15.12,6.84,42.94,43.05
4,6E-15,2.44E+10,70,58,1.10E-04,9.74E-01,15.12,6.84,42.94,43.05
4,8E-15,2.44E+10,80,45,1.10E-04,9.74E-01,12.84,6.843,42.96,43.07
4,8E-15,2.44E+10,80,45,1.10E-04,9.74E-01,12.84,6.843,42.96,43.07
4,8E-15,2.44E+10,80,45,1.10E-04,9.74E-01,12.84,6.843,42.96,43.07
4,8E-15,2.44E+10,80,45,1.10E-04,9.74E-01,12.84,6.843,42.96,43.07
4,4E-15,3.64E+10,80,38,1.10E-04,9.75E-01,21.14,7.166,44.91,45.02
4,4E-15,3.64E+10,80,38,1.10E-04,9.75E-01,21.14,7.166,44.91,45.02
4,4E-15,3.64E+10,80,38,1.10E-04,9.75E-01,21.14,7.166,44.91,45.02
4,4E-15,3.64E+10,80,38,1.10E-04,9.75E-01,21.14,7.166,44.91,45.02
6,4E-15,2.84E+10,70,58,1.11E-04,9.75E-01,22.94,6.861,43.07,43.18
2,2E-15,2.56E+10,90,58,1.07E-04,9.75E-01,20,6.163,38.86,38.99
6,6E-15,2.84E+10,90,45,1.11E-04,9.75E-01,19.23,7.537,47.14,47.25
6,6E-15,2.84E+10,90,45,1.11E-04,9.75E-01,19.23,7.537,47.14,47.25
6,8E-15,2.56E+10,80,45,1.11E-04,9.76E-01,16.36,6.452,40.61,40.72
6,8E-15,2.56E+10,80,45,1.11E-04,9.76E-01,16.36,6.452,40.61,40.72
6,2E-15,3.64E+10,90,45,1.11E-04,9.76E-01,32.92,5.644,35.74,35.85
2,4E-15,2.84E+10,90,38,1.08E-04,9.76E-01,13.65,8.036,50.14,50.26
2,4E-15,2.56E+10,80,45,1.08E-04,9.76E-01,13.51,6.697,42.08,42.19
2,4E-15,2.56E+10,80,45,1.08E-04,9.76E-01,13.51,6.697,42.08,42.19
2,8E-15,2.04E+10,70,58,1.08E-04,9.76E-01,7.6,8.597,53.52,53.63
6,4E-15,2.56E+10,80,58,1.11E-04,9.76E-01,22.38,5.978,37.75,37.9
6,4E-15,2.56E+10,80,58,1.11E-04,9.76E-01,22.38,5.978,37.75,37.9
6,6E-15,3.24E+10,90,38,1.11E-04,9.77E-01,20.1,7.122,44.64,44.75
6,6E-15,3.24E+10,90,38,1.11E-04,9.77E-01,20.1,7.122,44.64,44.75
6,4E-15,2.44E+10,90,58,1.11E-04,9.77E-01,21.89,5.89,37.22,37.33
6,4E-15,3.64E+10,90,38,1.11E-04,9.79E-01,25.28,6.625,41.65,41.75
2,6E-15,2.04E+10,90,58,1.08E-04,9.79E-01,9.375,10.81,66.84,67.11
2,6E-15,2.04E+10,90,58,1.08E-04,9.79E-01,9.375,10.81,66.84,67.11
2,2E-15,3.64E+10,70,45,1.08E-04,9.80E-01,22.38,7.098,44.49,44.6
4,6E-15,2.84E+10,70,45,1.10E-04,9.81E-01,15.91,8.031,50.11,50.23
4,6E-15,2.84E+10,70,45,1.10E-04,9.81E-01,15.91,8.031,50.11,50.23
4,6E-15,2.84E+10,70,45,1.10E-04,9.81E-01,15.91,8.031,50.11,50.23
4,6E-15,2.84E+10,70,45,1.10E-04,9.81E-01,15.91,8.031,50.11,50.23
2,2E-15,3.24E+10,90,45,1.08E-04,9.81E-01,21.54,6.987,43.83,43.93
6,8E-15,2.84E+10,90,38,1.11E-04,9.82E-01,16.71,7.881,49.21,49.32
6,4E-15,3.24E+10,80,45,1.11E-04,9.83E-01,24.43,6.842,42.96,43.06
6,4E-15,3.24E+10,80,45,1.11E-04,9.83E-01,24.43,6.842,42.96,43.06
4,2E-15,2.84E+10,80,58,1.10E-04,9.83E-01,26.69,6.285,39.6,39.71
4,2E-15,2.84E+10,80,58,1.10E-04,9.83E-01,26.69,6.285,39.6,39.71
4,2E-15,2.84E+10,80,58,1.10E-04,9.83E-01,26.69,6.285,39.6,39.71
4,2E-15,2.84E+10,80,58,1.10E-04,9.83E-01,26.69,6.285,39.6,39.71
6,2E-15,2.84E+10,80,58,1.11E-04,9.83E-01,29.63,5.883,37.18,37.29
6,2E-15,2.84E+10,80,58,1.11E-04,9.83E-01,29.63,5.883,37.18,37.29
4,6E-15,2.56E+10,80,45,1.10E-04,9.83E-01,15.65,6.512,40.97,41.08
4,6E-15,2.56E+10,80,45,1.10E-04,9.83E-01,15.65,6.512,40.97,41.08
4,6E-15,2.56E+10,80,45,1.10E-04,9.83E-01,15.65,6.512,40.97,41.08
4,6E-15,2.56E+10,80,45,1.10E-04,9.83E-01,15.65,6.512,40.97,41.08
4,6E-15,2.56E+10,80,45,1.10E-04,9.83E-01,15.65,6.512,40.97,41.08
4,6E-15,2.56E+10,80,45,1.10E-04,9.83E-01,15.65,6.512,40.97,41.08
4,6E-15,2.56E+10,80,45,1.10E-04,9.83E-01,15.65,6.512,40.97,41.08
4,6E-15,2.56E+10,80,45,1.10E-04,9.83E-01,15.65,6.512,40.97,41.08
6,2E-15,2.56E+10,90,58,1.11E-04,9.83E-01,29.04,5.209,33.12,33.27
4,2E-15,3.64E+10,80,45,1.10E-04,9.84E-01,29.45,6.161,38.85,38.96
4,2E-15,3.64E+10,80,45,1.10E-04,9.84E-01,29.45,6.161,38.85,38.96
4,2E-15,3.64E+10,80,45,1.10E-04,9.84E-01,29.45,6.161,38.85,38.96
4,2E-15,3.64E+10,80,45,1.10E-04,9.84E-01,29.45,6.161,38.85,38.96
4,2E-15,2.56E+10,90,58,1.09E-04,9.84E-01,26.12,5.542,35.13,35.28
4,2E-15,2.56E+10,90,58,1.09E-04,9.84E-01,26.12,5.542,35.13,35.28
2,8E-15,2.04E+10,90,45,1.08E-04,9.85E-01,7.644,8.498,52.93,53.04
4,4E-15,3.24E+10,70,45,1.10E-04,9.85E-01,20.73,6.928,43.47,43.58
4,4E-15,3.24E+10,70,45,1.10E-04,9.85E-01,20.73,6.928,43.47,43.58
4,8E-15,2.56E+10,70,38,1.10E-04,9.85E-01,13.32,6.749,42.39,42.51
4,8E-15,2.56E+10,70,38,1.10E-04,9.85E-01,13.32,6.749,42.39,42.51
4,8E-15,2.44E+10,70,45,1.10E-04,9.86E-01,13.02,6.795,42.67,42.77
4,8E-15,2.44E+10,70,45,1.10E-04,9.86E-01,13.02,6.795,42.67,42.77
2,4E-15,2.84E+10,80,38,1.08E-04,9.86E-01,13.82,7.998,49.91,50.02
2,4E-15,2.84E+10,80,38,1.08E-04,9.86E-01,13.82,7.998,49.91,50.02
4,4E-15,3.64E+10,70,38,1.10E-04,9.86E-01,21.5,7.191,45.06,45.17
4,4E-15,3.64E+10,70,38,1.10E-04,9.86E-01,21.5,7.191,45.06,45.17
6,2E-15,3.64E+10,80,45,1.11E-04,9.86E-01,33.45,5.653,35.8,35.9
6,2E-15,3.64E+10,80,45,1.11E-04,9.86E-01,33.45,5.653,35.8,35.9
4,6E-15,2.84E+10,90,38,1.10E-04,9.86E-01,15.91,7.913,49.4,49.51
4,6E-15,2.84E+10,90,38,1.10E-04,9.86E-01,15.91,7.913,49.4,49.51
4,6E-15,2.84E+10,90,38,1.10E-04,9.86E-01,15.91,7.913,49.4,49.51
4,6E-15,2.84E+10,90,38,1.10E-04,9.86E-01,15.91,7.913,49.4,49.51
2,2E-15,3.64E+10,90,38,1.08E-04,9.87E-01,22.44,6.938,43.53,43.64
6,6E-15,3.24E+10,80,38,1.11E-04,9.87E-01,20.42,7.025,44.06,44.16
6,6E-15,3.24E+10,80,38,1.11E-04,9.87E-01,20.42,7.025,44.06,44.16
6,6E-15,3.24E+10,80,38,1.11E-04,9.87E-01,20.42,7.025,44.06,44.16
6,6E-15,3.24E+10,80,38,1.11E-04,9.87E-01,20.42,7.025,44.06,44.16
4,4E-15,2.56E+10,70,58,1.09E-04,9.87E-01,19.41,6.357,40.03,40.16
4,4E-15,2.56E+10,70,58,1.09E-04,9.87E-01,19.41,6.357,40.03,40.16
6,6E-15,2.84E+10,80,45,1.11E-04,9.87E-01,19.59,7.524,47.06,47.17
6,6E-15,2.84E+10,80,45,1.11E-04,9.87E-01,19.59,7.524,47.06,47.17
6,6E-15,2.84E+10,80,45,1.11E-04,9.87E-01,19.59,7.524,47.06,47.17
6,6E-15,2.84E+10,80,45,1.11E-04,9.87E-01,19.59,7.524,47.06,47.17
6,8E-15,2.44E+10,90,45,1.12E-04,9.87E-01,16.1,6.738,42.33,42.43
6,6E-15,2.44E+10,70,58,1.12E-04,9.87E-01,18.62,6.527,41.06,41.16
6,6E-15,2.44E+10,70,58,1.12E-04,9.87E-01,18.62,6.527,41.06,41.16
4,8E-15,2.04E+10,90,58,1.10E-04,9.88E-01,12.06,8.522,53.07,53.18
4,8E-15,2.04E+10,90,58,1.10E-04,9.88E-01,12.06,8.522,53.07,53.18
6,4E-15,3.64E+10,80,38,1.11E-04,9.88E-01,25.66,6.674,41.94,42.05
6,4E-15,3.64E+10,80,38,1.11E-04,9.88E-01,25.66,6.674,41.94,42.05
4,4E-15,2.44E+10,80,58,1.10E-04,9.88E-01,18.93,6.411,40.36,40.46
4,4E-15,2.44E+10,80,58,1.10E-04,9.88E-01,18.93,6.411,40.36,40.46
4,4E-15,2.44E+10,80,58,1.10E-04,9.88E-01,18.93,6.411,40.36,40.46
4,4E-15,2.44E+10,80,58,1.10E-04,9.88E-01,18.93,6.411,40.36,40.46
2,6E-15,2.04E+10,80,58,1.08E-04,9.88E-01,9.499,10.22,63.32,63.5
2,6E-15,2.04E+10,80,58,1.08E-04,9.88E-01,9.499,10.22,63.32,63.5
2,6E-15,2.04E+10,80,58,1.08E-04,9.88E-01,9.499,10.22,63.32,63.5
2,6E-15,2.04E+10,80,58,1.08E-04,9.88E-01,9.499,10.22,63.32,63.5
6,6E-15,2.56E+10,90,45,1.11E-04,9.88E-01,19.23,6.182,38.98,39.09
6,6E-15,2.56E+10,90,45,1.11E-04,9.88E-01,19.23,6.182,38.98,39.09
2,4E-15,2.56E+10,90,38,1.07E-04,9.89E-01,13.65,6.517,40.99,41.11
6,8E-15,2.56E+10,70,45,1.11E-04,9.89E-01,16.65,6.522,41.02,41.14
2,4E-15,2.44E+10,90,45,1.08E-04,9.89E-01,13.32,6.786,42.61,42.72
2,4E-15,2.56E+10,70,45,1.08E-04,9.90E-01,13.71,6.774,42.55,42.66
4,4E-15,2.84E+10,90,45,1.10E-04,9.90E-01,19.96,7.389,46.25,46.36
4,4E-15,2.84E+10,90,45,1.10E-04,9.90E-01,19.96,7.389,46.25,46.36
4,8E-15,2.44E+10,90,38,1.10E-04,9.91E-01,13,6.781,42.59,42.69
4,8E-15,2.44E+10,90,38,1.10E-04,9.91E-01,13,6.781,42.59,42.69
2,2E-15,2.44E+10,90,58,1.08E-04,9.91E-01,20,6.192,39.04,39.15
2,2E-15,2.84E+10,70,58,1.08E-04,9.91E-01,20.98,7.146,44.79,44.9
2,2E-15,2.56E+10,80,58,1.07E-04,9.92E-01,20.47,6.177,38.95,39.09
2,2E-15,2.56E+10,80,58,1.07E-04,9.92E-01,20.47,6.177,38.95,39.09
2,8E-15,2.04E+10,80,45,1.08E-04,9.92E-01,7.702,8.714,54.22,54.33
2,8E-15,2.04E+10,80,45,1.08E-04,9.92E-01,7.702,8.714,54.22,54.33
4,4E-15,3.24E+10,90,38,1.09E-04,9.92E-01,20.81,7.034,44.11,44.21
4,4E-15,3.24E+10,90,38,1.09E-04,9.92E-01,20.81,7.034,44.11,44.21
6,8E-15,2.84E+10,80,38,1.11E-04,9.92E-01,16.95,7.877,49.18,49.29
6,8E-15,2.84E+10,80,38,1.11E-04,9.92E-01,16.95,7.877,49.18,49.29
6,8E-15,2.56E+10,90,38,1.11E-04,9.93E-01,16.71,6.278,39.56,39.67
6,4E-15,2.44E+10,80,58,1.12E-04,9.93E-01,22.38,5.848,36.97,37.07
6,4E-15,2.44E+10,80,58,1.12E-04,9.93E-01,22.38,5.848,36.97,37.07
2,2E-15,3.24E+10,80,45,1.08E-04,9.93E-01,21.93,6.894,43.27,43.38
2,2E-15,3.24E+10,80,45,1.08E-04,9.93E-01,21.93,6.894,43.27,43.38
6,4E-15,2.56E+10,70,58,1.11E-04,9.94E-01,22.94,5.992,37.83,37.99
4,6E-15,2.44E+10,90,45,1.10E-04,9.94E-01,15.4,6.735,42.31,42.41
4,6E-15,2.44E+10,90,45,1.10E-04,9.94E-01,15.4,6.735,42.31,42.41
4,6E-15,2.44E+10,90,45,1.10E-04,9.94E-01,15.4,6.735,42.31,42.41
4,6E-15,2.44E+10,90,45,1.10E-04,9.94E-01,15.4,6.735,42.31,42.41
4,2E-15,3.24E+10,90,45,1.09E-04,9.95E-01,28.96,6.524,41.04,41.15
4,2E-15,3.24E+10,90,45,1.09E-04,9.95E-01,28.96,6.524,41.04,41.15
6,2E-15,2.44E+10,90,58,1.11E-04,9.96E-01,29.04,4.812,30.73,30.83
6,4E-15,3.24E+10,70,45,1.11E-04,9.96E-01,24.92,6.742,42.35,42.46
6,2E-15,3.24E+10,90,45,1.11E-04,9.96E-01,32.92,6.134,38.69,38.8
4,8E-15,2.04E+10,80,58,1.10E-04,9.96E-01,12.26,8.439,52.57,52.68
4,8E-15,2.04E+10,80,58,1.10E-04,9.96E-01,12.26,8.439,52.57,52.68
4,8E-15,2.04E+10,80,58,1.10E-04,9.96E-01,12.26,8.439,52.57,52.68
4,8E-15,2.04E+10,80,58,1.10E-04,9.96E-01,12.26,8.439,52.57,52.68
4,6E-15,2.84E+10,80,38,1.10E-04,9.96E-01,16.13,7.899,49.32,49.43
4,6E-15,2.84E+10,80,38,1.10E-04,9.96E-01,16.13,7.899,49.32,49.43
4,6E-15,2.84E+10,80,38,1.10E-04,9.96E-01,16.13,7.899,49.32,49.43
4,6E-15,2.84E+10,80,38,1.10E-04,9.96E-01,16.13,7.899,49.32,49.43
4,6E-15,2.84E+10,80,38,1.10E-04,9.96E-01,16.13,7.899,49.32,49.43
4,6E-15,2.84E+10,80,38,1.10E-04,9.96E-01,16.13,7.899,49.32,49.43
4,6E-15,2.84E+10,80,38,1.10E-04,9.96E-01,16.13,7.899,49.32,49.43
4,6E-15,2.84E+10,80,38,1.10E-04,9.96E-01,16.13,7.899,49.32,49.43
4,2E-15,3.64E+10,70,45,1.10E-04,9.97E-01,30.05,6.176,38.95,39.05
4,2E-15,3.64E+10,70,45,1.10E-04,9.97E-01,30.05,6.176,38.95,39.05
4,6E-15,2.56E+10,70,45,1.10E-04,9.97E-01,15.91,6.581,41.38,41.49
4,6E-15,2.56E+10,70,45,1.10E-04,9.97E-01,15.91,6.581,41.38,41.49
4,6E-15,2.56E+10,70,45,1.10E-04,9.97E-01,15.91,6.581,41.38,41.49
4,6E-15,2.56E+10,70,45,1.10E-04,9.97E-01,15.91,6.581,41.38,41.49
2,2E-15,3.64E+10,80,38,1.08E-04,9.97E-01,22.79,6.979,43.78,43.89
2,2E-15,3.64E+10,80,38,1.08E-04,9.97E-01,22.79,6.979,43.78,43.89
4,2E-15,2.44E+10,90,58,1.10E-04,9.97E-01,26.12,5.23,33.25,33.36
4,2E-15,2.44E+10,90,58,1.10E-04,9.97E-01,26.12,5.23,33.25,33.36
2,4E-15,2.84E+10,70,38,1.08E-04,9.97E-01,14,7.919,49.44,49.55
4,6E-15,2.56E+10,90,38,1.09E-04,9.98E-01,15.91,6.343,39.95,40.06
4,6E-15,2.56E+10,90,38,1.09E-04,9.98E-01,15.91,6.343,39.95,40.06
4,6E-15,2.56E+10,90,38,1.09E-04,9.98E-01,15.91,6.343,39.95,40.06
4,6E-15,2.56E+10,90,38,1.09E-04,9.98E-01,15.91,6.343,39.95,40.06
2,6E-15,2.04E+10,70,58,1.08E-04,9.98E-01,9.623,9.563,59.33,59.47
2,6E-15,2.04E+10,70,58,1.08E-04,9.98E-01,9.623,9.563,59.33,59.47
6,8E-15,2.04E+10,90,58,1.11E-04,9.98E-01,15.07,7.798,48.71,48.82
6,6E-15,3.24E+10,70,38,1.11E-04,9.98E-01,20.77,6.916,43.4,43.5
6,6E-15,3.24E+10,70,38,1.11E-04,9.98E-01,20.77,6.916,43.4,43.5
2,8E-15,2.04E+10,90,38,1.08E-04,9.98E-01,7.746,8.716,54.24,54.34
6,4E-15,2.84E+10,90,45,1.11E-04,9.99E-01,24.01,6.879,43.17,43.28
6,8E-15,2.44E+10,80,45,1.12E-04,9.99E-01,16.36,6.709,42.15,42.26
6,8E-15,2.44E+10,80,45,1.12E-04,9.99E-01,16.36,6.709,42.15,42.26
6,2E-15,3.64E+10,70,45,1.11E-04,9.99E-01,34.1,5.657,35.82,35.92
6,2E-15,2.56E+10,80,58,1.11E-04,9.99E-01,29.63,5.199,33.06,33.22
6,2E-15,2.56E+10,80,58,1.11E-04,9.99E-01,29.63,5.199,33.06,33.22
2,8E-15,2.04E+10,70,45,1.08E-04,9.99E-01,7.759,8.942,55.59,55.71
2,4E-15,2.56E+10,80,38,1.08E-04,1.00E+00,13.82,6.591,41.44,41.56
2,4E-15,2.56E+10,80,38,1.08E-04,1.00E+00,13.82,6.591,41.44,41.56
6,4E-15,3.64E+10,70,38,1.11E-04,1,26.1,6.718,42.21,42.32
6,2E-15,2.84E+10,70,58,1.11E-04,1,30.37,5.825,36.83,36.94
4,2E-15,2.84E+10,70,58,1.10E-04,1,27.36,6.217,39.19,39.3
4,2E-15,2.84E+10,70,58,1.10E-04,1,27.36,6.217,39.19,39.3
4,2E-15,2.56E+10,80,58,1.09E-04,1,26.69,5.534,35.08,35.24
4,2E-15,2.56E+10,80,58,1.09E-04,1,26.69,5.534,35.08,35.24
4,2E-15,2.56E+10,80,58,1.09E-04,1,26.69,5.534,35.08,35.24
4,2E-15,2.56E+10,80,58,1.09E-04,1,26.69,5.534,35.08,35.24
6,6E-15,2.84E+10,70,45,1.11E-04,1,19.98,7.471,46.74,46.85
6,6E-15,2.84E+10,70,45,1.11E-04,1,19.98,7.471,46.74,46.85
4,8E-15,2.44E+10,80,38,1.10E-04,1,13.16,6.744,42.36,42.47
4,8E-15,2.44E+10,80,38,1.10E-04,1,13.16,6.744,42.36,42.47
4,8E-15,2.44E+10,80,38,1.10E-04,1,13.16,6.744,42.36,42.47
4,8E-15,2.44E+10,80,38,1.10E-04,1,13.16,6.744,42.36,42.47
2,4E-15,2.44E+10,80,45,1.08E-04,1.001,13.51,6.74,42.34,42.45
2,4E-15,2.44E+10,80,45,1.08E-04,1.001,13.51,6.74,42.34,42.45
6,6E-15,2.56E+10,80,45,1.11E-04,1.001,19.59,6.227,39.25,39.37
6,6E-15,2.56E+10,80,45,1.11E-04,1.001,19.59,6.227,39.25,39.37
6,6E-15,2.56E+10,80,45,1.11E-04,1.001,19.59,6.227,39.25,39.37
6,6E-15,2.56E+10,80,45,1.11E-04,1.001,19.59,6.227,39.25,39.37
4,4E-15,3.24E+10,80,38,1.10E-04,1.002,21.14,6.943,43.56,43.67
4,4E-15,3.24E+10,80,38,1.10E-04,1.002,21.14,6.943,43.56,43.67
4,4E-15,3.24E+10,80,38,1.10E-04,1.002,21.14,6.943,43.56,43.67
4,4E-15,3.24E+10,80,38,1.10E-04,1.002,21.14,6.943,43.56,43.67
4,4E-15,2.84E+10,80,45,1.10E-04,1.003,20.33,7.365,46.1,46.21
4,4E-15,2.84E+10,80,45,1.10E-04,1.003,20.33,7.365,46.1,46.21
4,4E-15,2.84E+10,80,45,1.10E-04,1.003,20.33,7.365,46.1,46.21
4,4E-15,2.84E+10,80,45,1.10E-04,1.003,20.33,7.365,46.1,46.21
6,8E-15,2.84E+10,70,38,1.11E-04,1.003,17.22,7.826,48.88,48.99
2,4E-15,2.04E+10,90,58,1.08E-04,1.003,12.74,8.349,52.03,52.14
6,8E-15,2.56E+10,80,38,1.11E-04,1.003,16.95,6.344,39.96,40.07
6,8E-15,2.56E+10,80,38,1.11E-04,1.003,16.95,6.344,39.96,40.07
4,4E-15,2.56E+10,90,45,1.09E-04,1.003,19.96,6.143,38.75,38.87
4,4E-15,2.56E+10,90,45,1.09E-04,1.003,19.96,6.143,38.75,38.87
6,4E-15,3.24E+10,90,38,1.11E-04,1.004,25.28,6.86,43.06,43.17
4,6E-15,2.04E+10,90,58,1.10E-04,1.004,14.53,7.963,49.7,49.81
4,6E-15,2.04E+10,90,58,1.10E-04,1.004,14.53,7.963,49.7,49.81
4,6E-15,2.04E+10,90,58,1.10E-04,1.004,14.53,7.963,49.7,49.81
2,8E-15,2.04E+10,80,38,1.08E-04,1.004,7.796,8.942,55.6,55.71
2,8E-15,2.04E+10,80,38,1.08E-04,1.004,7.796,8.942,55.6,55.71
4,4E-15,2.44E+10,70,58,1.10E-04,1.005,19.41,6.352,40,40.11
4,4E-15,2.44E+10,70,58,1.10E-04,1.005,19.41,6.352,40,40.11
2,6E-15,2.04E+10,90,45,1.08E-04,1.005,9.682,9.839,60.99,61.13
2,6E-15,2.04E+10,90,45,1.08E-04,1.005,9.682,9.839,60.99,61.13
4,2E-15,3.64E+10,90,38,1.09E-04,1.005,30.71,6.024,38.03,38.14
4,2E-15,3.64E+10,90,38,1.09E-04,1.005,30.71,6.024,38.03,38.14
4,8E-15,2.04E+10,70,58,1.10E-04,1.006,12.48,8.308,51.78,51.89
4,8E-15,2.04E+10,70,58,1.10E-04,1.006,12.48,8.308,51.78,51.89
4,6E-15,2.44E+10,80,45,1.10E-04,1.006,15.65,6.698,42.09,42.2
4,6E-15,2.44E+10,80,45,1.10E-04,1.006,15.65,6.698,42.09,42.2
4,6E-15,2.44E+10,80,45,1.10E-04,1.006,15.65,6.698,42.09,42.2
4,6E-15,2.44E+10,80,45,1.10E-04,1.006,15.65,6.698,42.09,42.2
4,6E-15,2.44E+10,80,45,1.10E-04,1.006,15.65,6.698,42.09,42.2
4,6E-15,2.44E+10,80,45,1.10E-04,1.006,15.65,6.698,42.09,42.2
4,6E-15,2.44E+10,80,45,1.10E-04,1.006,15.65,6.698,42.09,42.2
4,6E-15,2.44E+10,80,45,1.10E-04,1.006,15.65,6.698,42.09,42.2
6,6E-15,2.84E+10,90,38,1.11E-04,1.006,20.1,7.412,46.38,46.49
6,6E-15,2.84E+10,90,38,1.11E-04,1.006,20.1,7.412,46.38,46.49
6,8E-15,2.04E+10,80,58,1.11E-04,1.007,15.36,7.762,48.49,48.6
6,8E-15,2.04E+10,80,58,1.11E-04,1.007,15.36,7.762,48.49,48.6
4,2E-15,3.24E+10,80,45,1.10E-04,1.007,29.45,6.462,40.67,40.77
4,2E-15,3.24E+10,80,45,1.10E-04,1.007,29.45,6.462,40.67,40.77
4,2E-15,3.24E+10,80,45,1.10E-04,1.007,29.45,6.462,40.67,40.77
4,2E-15,3.24E+10,80,45,1.10E-04,1.007,29.45,6.462,40.67,40.77
2,2E-15,3.24E+10,70,45,1.08E-04,1.007,22.38,6.786,42.62,42.72
2,2E-15,2.44E+10,80,58,1.08E-04,1.007,20.47,6.136,38.7,38.81
2,2E-15,2.44E+10,80,58,1.08E-04,1.007,20.47,6.136,38.7,38.81
4,6E-15,2.84E+10,70,38,1.10E-04,1.008,16.37,7.838,48.95,49.06
4,6E-15,2.84E+10,70,38,1.10E-04,1.008,16.37,7.838,48.95,49.06
4,6E-15,2.84E+10,70,38,1.10E-04,1.008,16.37,7.838,48.95,49.06
4,6E-15,2.84E+10,70,38,1.10E-04,1.008,16.37,7.838,48.95,49.06
2,2E-15,2.84E+10,90,45,1.08E-04,1.008,21.54,7.149,44.8,44.91
6,2E-15,3.24E+10,80,45,1.11E-04,1.008,33.45,6.087,38.41,38.51
6,2E-15,3.24E+10,80,45,1.11E-04,1.008,33.45,6.087,38.41,38.51
6,6E-15,2.44E+10,90,45,1.11E-04,1.008,19.23,6.392,40.24,40.35
6,6E-15,2.44E+10,90,45,1.11E-04,1.008,19.23,6.392,40.24,40.35
4,6E-15,2.56E+10,80,38,1.10E-04,1.009,16.13,6.409,40.35,40.46
4,6E-15,2.56E+10,80,38,1.10E-04,1.009,16.13,6.409,40.35,40.46
4,6E-15,2.56E+10,80,38,1.10E-04,1.009,16.13,6.409,40.35,40.46
4,6E-15,2.56E+10,80,38,1.10E-04,1.009,16.13,6.409,40.35,40.46
4,6E-15,2.56E+10,80,38,1.10E-04,1.009,16.13,6.409,40.35,40.46
4,6E-15,2.56E+10,80,38,1.10E-04,1.009,16.13,6.409,40.35,40.46
4,6E-15,2.56E+10,80,38,1.10E-04,1.009,16.13,6.409,40.35,40.46
4,6E-15,2.56E+10,80,38,1.10E-04,1.009,16.13,6.409,40.35,40.46
6,2E-15,3.64E+10,90,38,1.11E-04,1.009,35.31,5.544,35.14,35.24
2,2E-15,3.64E+10,70,38,1.08E-04,1.009,23.18,7.002,43.92,44.03
2,2E-15,2.56E+10,70,58,1.08E-04,1.01,20.98,6.191,39.04,39.18
6,4E-15,2.44E+10,70,58,1.12E-04,1.01,22.94,5.791,36.63,36.73
2,2E-15,3.24E+10,90,38,1.08E-04,1.01,22.44,6.917,43.41,43.51
4,8E-15,2.44E+10,70,38,1.10E-04,1.01,13.32,6.699,42.09,42.2
4,8E-15,2.44E+10,70,38,1.10E-04,1.01,13.32,6.699,42.09,42.2
2,8E-15,2.04E+10,70,38,1.08E-04,1.011,7.845,9.149,56.85,56.96
6,4E-15,2.84E+10,80,45,1.11E-04,1.011,24.43,6.85,43,43.11
6,4E-15,2.84E+10,80,45,1.11E-04,1.011,24.43,6.85,43,43.11
6,8E-15,2.44E+10,70,45,1.12E-04,1.011,16.65,6.668,41.9,42.01
2,4E-15,2.56E+10,70,38,1.08E-04,1.011,14,6.675,41.95,42.06
6,4E-15,2.56E+10,90,45,1.11E-04,1.012,24.01,5.837,36.91,37.04
6,2E-15,2.44E+10,80,58,1.12E-04,1.012,29.63,4.766,30.45,30.56
6,2E-15,2.44E+10,80,58,1.12E-04,1.012,29.63,4.766,30.45,30.56
2,6E-15,2.04E+10,80,45,1.08E-04,1.012,9.786,9.398,58.34,58.47
2,6E-15,2.04E+10,80,45,1.08E-04,1.012,9.786,9.398,58.34,58.47
2,6E-15,2.04E+10,80,45,1.08E-04,1.012,9.786,9.398,58.34,58.47
2,6E-15,2.04E+10,80,45,1.08E-04,1.012,9.786,9.398,58.34,58.47
6,6E-15,2.04E+10,90,58,1.11E-04,1.012,17.76,7.327,45.88,45.98
6,6E-15,2.04E+10,90,58,1.11E-04,1.012,17.76,7.327,45.88,45.98
2,4E-15,2.04E+10,80,58,1.08E-04,1.013,12.97,8.238,51.36,51.47
2,4E-15,2.04E+10,80,58,1.08E-04,1.013,12.97,8.238,51.36,51.47
4,2E-15,2.44E+10,80,58,1.10E-04,1.013,26.69,5.176,32.92,33.03
4,2E-15,2.44E+10,80,58,1.10E-04,1.013,26.69,5.176,32.92,33.03
4,2E-15,2.44E+10,80,58,1.10E-04,1.013,26.69,5.176,32.92,33.03
4,2E-15,2.44E+10,80,58,1.10E-04,1.013,26.69,5.176,32.92,33.03
4,6E-15,2.04E+10,80,58,1.10E-04,1.014,14.81,7.905,49.35,49.46
4,6E-15,2.04E+10,80,58,1.10E-04,1.014,14.81,7.905,49.35,49.46
4,6E-15,2.04E+10,80,58,1.10E-04,1.014,14.81,7.905,49.35,49.46
4,6E-15,2.04E+10,80,58,1.10E-04,1.014,14.81,7.905,49.35,49.46
4,6E-15,2.04E+10,80,58,1.10E-04,1.014,14.81,7.905,49.35,49.46
4,6E-15,2.04E+10,80,58,1.10E-04,1.014,14.81,7.905,49.35,49.46
4,6E-15,2.04E+10,80,58,1.10E-04,1.014,14.81,7.905,49.35,49.46
4,6E-15,2.04E+10,80,58,1.10E-04,1.014,14.81,7.905,49.35,49.46
2,4E-15,2.44E+10,70,45,1.08E-04,1.014,13.71,6.685,42.01,42.12
6,4E-15,3.24E+10,80,38,1.11E-04,1.014,25.66,6.784,42.61,42.71
6,4E-15,3.24E+10,80,38,1.11E-04,1.014,25.66,6.784,42.61,42.71
2,4E-15,2.44E+10,90,38,1.08E-04,1.014,13.65,6.693,42.06,42.16
4,4E-15,3.24E+10,70,38,1.10E-04,1.014,21.5,6.838,42.93,43.04
4,4E-15,3.24E+10,70,38,1.10E-04,1.014,21.5,6.838,42.93,43.04
6,6E-15,2.56E+10,70,45,1.11E-04,1.015,19.98,6.278,39.56,39.68
6,6E-15,2.56E+10,70,45,1.11E-04,1.015,19.98,6.278,39.56,39.68
4,2E-15,3.64E+10,80,38,1.10E-04,1.015,31.17,6.047,38.17,38.27
4,2E-15,3.64E+10,80,38,1.10E-04,1.015,31.17,6.047,38.17,38.27
4,2E-15,3.64E+10,80,38,1.10E-04,1.015,31.17,6.047,38.17,38.27
4,2E-15,3.64E+10,80,38,1.10E-04,1.015,31.17,6.047,38.17,38.27
6,8E-15,2.56E+10,70,38,1.11E-04,1.015,17.22,6.42,40.41,40.53
6,8E-15,2.44E+10,90,38,1.12E-04,1.016,16.71,6.612,41.57,41.68
6,8E-15,2.04E+10,70,58,1.11E-04,1.016,15.69,7.695,48.09,48.2
4,4E-15,2.56E+10,80,45,1.09E-04,1.017,20.33,6.181,38.97,39.1
4,4E-15,2.56E+10,80,45,1.09E-04,1.017,20.33,6.181,38.97,39.1
4,4E-15,2.56E+10,80,45,1.09E-04,1.017,20.33,6.181,38.97,39.1
4,4E-15,2.56E+10,80,45,1.09E-04,1.017,20.33,6.181,38.97,39.1
4,4E-15,2.84E+10,70,45,1.10E-04,1.017,20.73,7.308,45.76,45.87
4,4E-15,2.84E+10,70,45,1.10E-04,1.017,20.73,7.308,45.76,45.87
6,6E-15,2.56E+10,90,38,1.11E-04,1.017,20.1,6.088,38.42,38.53
6,6E-15,2.56E+10,90,38,1.11E-04,1.017,20.1,6.088,38.42,38.53
6,6E-15,2.84E+10,80,38,1.11E-04,1.017,20.42,7.4,46.32,46.42
6,6E-15,2.84E+10,80,38,1.11E-04,1.017,20.42,7.4,46.32,46.42
6,6E-15,2.84E+10,80,38,1.11E-04,1.017,20.42,7.4,46.32,46.42
6,6E-15,2.84E+10,80,38,1.11E-04,1.017,20.42,7.4,46.32,46.42
6,2E-15,2.56E+10,70,58,1.11E-04,1.017,30.37,5.187,32.99,33.15
4,2E-15,2.84E+10,90,45,1.10E-04,1.018,28.96,6.367,40.09,40.2
4,2E-15,2.84E+10,90,45,1.10E-04,1.018,28.96,6.367,40.09,40.2
6,2E-15,3.64E+10,80,38,1.11E-04,1.018,35.76,5.553,35.19,35.3
6,2E-15,3.64E+10,80,38,1.11E-04,1.018,35.76,5.553,35.19,35.3
4,2E-15,2.56E+10,70,58,1.09E-04,1.018,27.36,5.524,35.02,35.19
4,2E-15,2.56E+10,70,58,1.09E-04,1.018,27.36,5.524,35.02,35.19
4,6E-15,2.44E+10,70,45,1.10E-04,1.019,15.91,6.648,41.78,41.89
4,6E-15,2.44E+10,70,45,1.10E-04,1.019,15.91,6.648,41.78,41.89
4,6E-15,2.44E+10,70,45,1.10E-04,1.019,15.91,6.648,41.78,41.89
4,6E-15,2.44E+10,70,45,1.10E-04,1.019,15.91,6.648,41.78,41.89
4,8E-15,2.04E+10,90,45,1.10E-04,1.019,12.66,8.26,51.49,51.6
4,8E-15,2.04E+10,90,45,1.10E-04,1.019,12.66,8.26,51.49,51.6
2,6E-15,2.04E+10,90,38,1.08E-04,1.019,9.853,9.446,58.63,58.75
2,6E-15,2.04E+10,90,38,1.08E-04,1.019,9.853,9.446,58.63,58.75
4,4E-15,2.84E+10,90,38,1.10E-04,1.019,20.81,7.296,45.69,45.79
4,4E-15,2.84E+10,90,38,1.10E-04,1.019,20.81,7.296,45.69,45.79
6,2E-15,2.84E+10,90,45,1.11E-04,1.02,32.92,5.962,37.66,37.76
2,6E-15,2.04E+10,70,45,1.08E-04,1.02,9.889,8.988,55.87,55.99
4,6E-15,2.56E+10,70,38,1.10E-04,1.021,16.37,6.484,40.8,40.91
4,6E-15,2.56E+10,70,38,1.10E-04,1.021,16.37,6.484,40.8,40.91
4,6E-15,2.56E+10,70,38,1.10E-04,1.021,16.37,6.484,40.8,40.91
4,6E-15,2.56E+10,70,38,1.10E-04,1.021,16.37,6.484,40.8,40.91
6,6E-15,2.44E+10,80,45,1.12E-04,1.021,19.59,6.362,40.06,40.17
6,6E-15,2.44E+10,80,45,1.12E-04,1.021,19.59,6.362,40.06,40.17
6,6E-15,2.44E+10,80,45,1.12E-04,1.021,19.59,6.362,40.06,40.17
6,6E-15,2.44E+10,80,45,1.12E-04,1.021,19.59,6.362,40.06,40.17
4,6E-15,2.44E+10,90,38,1.10E-04,1.021,15.91,6.622,41.63,41.73
4,6E-15,2.44E+10,90,38,1.10E-04,1.021,15.91,6.622,41.63,41.73
4,6E-15,2.44E+10,90,38,1.10E-04,1.021,15.91,6.622,41.63,41.73
4,6E-15,2.44E+10,90,38,1.10E-04,1.021,15.91,6.622,41.63,41.73
2,2E-15,3.24E+10,80,38,1.08E-04,1.021,22.79,6.834,42.91,43.01
2,2E-15,3.24E+10,80,38,1.08E-04,1.021,22.79,6.834,42.91,43.01
2,2E-15,2.84E+10,80,45,1.08E-04,1.021,21.93,7.116,44.6,44.71
2,2E-15,2.84E+10,80,45,1.08E-04,1.021,21.93,7.116,44.6,44.71
4,4E-15,2.44E+10,90,45,1.10E-04,1.021,19.96,6.272,39.52,39.63
4,4E-15,2.44E+10,90,45,1.10E-04,1.021,19.96,6.272,39.52,39.63
6,6E-15,2.04E+10,80,58,1.11E-04,1.021,18.16,7.279,45.59,45.69
6,6E-15,2.04E+10,80,58,1.11E-04,1.021,18.16,7.279,45.59,45.69
6,6E-15,2.04E+10,80,58,1.11E-04,1.021,18.16,7.279,45.59,45.69
6,6E-15,2.04E+10,80,58,1.11E-04,1.021,18.16,7.279,45.59,45.69
4,2E-15,3.24E+10,70,45,1.10E-04,1.021,30.05,6.385,40.2,40.31
4,2E-15,3.24E+10,70,45,1.10E-04,1.021,30.05,6.385,40.2,40.31
2,2E-15,2.56E+10,90,45,1.07E-04,1.022,21.54,6.04,38.13,38.26
6,2E-15,3.24E+10,70,45,1.11E-04,1.023,34.1,6.026,38.04,38.15
2,4E-15,2.44E+10,80,38,1.08E-04,1.024,13.82,6.651,41.8,41.91
2,4E-15,2.44E+10,80,38,1.08E-04,1.024,13.82,6.651,41.8,41.91
4,4E-15,2.04E+10,90,58,1.09E-04,1.024,18.49,7.242,45.36,45.47
4,4E-15,2.04E+10,90,58,1.09E-04,1.024,18.49,7.242,45.36,45.47
6,4E-15,2.56E+10,80,45,1.11E-04,1.025,24.43,5.86,37.04,37.18
6,4E-15,2.56E+10,80,45,1.11E-04,1.025,24.43,5.86,37.04,37.18
4,6E-15,2.04E+10,70,58,1.10E-04,1.025,15.12,7.818,48.83,48.94
4,6E-15,2.04E+10,70,58,1.10E-04,1.025,15.12,7.818,48.83,48.94
4,6E-15,2.04E+10,70,58,1.10E-04,1.025,15.12,7.818,48.83,48.94
4,6E-15,2.04E+10,70,58,1.10E-04,1.025,15.12,7.818,48.83,48.94
2,4E-15,2.04E+10,70,58,1.08E-04,1.025,13.2,8.1,50.53,50.64
4,2E-15,3.24E+10,90,38,1.09E-04,1.025,30.71,6.473,40.73,40.84
2,2E-15,2.44E+10,70,58,1.08E-04,1.025,20.98,6.061,38.25,38.36
2,6E-15,2.04E+10,80,38,1.08E-04,1.025,9.944,9.094,56.51,56.63
2,6E-15,2.04E+10,80,38,1.08E-04,1.025,9.944,9.094,56.51,56.63
2,6E-15,2.04E+10,80,38,1.08E-04,1.025,9.944,9.094,56.51,56.63
2,6E-15,2.04E+10,80,38,1.08E-04,1.025,9.944,9.094,56.51,56.63
6,4E-15,2.84E+10,70,45,1.11E-04,1.026,24.92,6.798,42.69,42.79
6,4E-15,3.24E+10,70,38,1.11E-04,1.026,26.1,6.696,42.07,42.18
6,8E-15,2.44E+10,80,38,1.12E-04,1.026,16.95,6.586,41.41,41.52
6,8E-15,2.44E+10,80,38,1.12E-04,1.026,16.95,6.586,41.41,41.52
4,2E-15,3.64E+10,70,38,1.10E-04,1.027,31.74,6.064,38.27,38.37
4,2E-15,3.64E+10,70,38,1.10E-04,1.027,31.74,6.064,38.27,38.37
6,2E-15,3.24E+10,90,38,1.11E-04,1.027,35.31,6.073,38.32,38.43
6,4E-15,2.44E+10,90,45,1.11E-04,1.027,24.01,5.772,36.51,36.61
6,6E-15,2.56E+10,80,38,1.11E-04,1.028,20.42,6.139,38.72,38.84
6,6E-15,2.56E+10,80,38,1.11E-04,1.028,20.42,6.139,38.72,38.84
6,6E-15,2.56E+10,80,38,1.11E-04,1.028,20.42,6.139,38.72,38.84
6,6E-15,2.56E+10,80,38,1.11E-04,1.028,20.42,6.139,38.72,38.84
6,4E-15,2.04E+10,90,58,1.11E-04,1.028,21.89,6.573,41.33,41.44
4,8E-15,2.04E+10,80,45,1.10E-04,1.028,12.84,8.183,51.03,51.14
4,8E-15,2.04E+10,80,45,1.10E-04,1.028,12.84,8.183,51.03,51.14
4,8E-15,2.04E+10,80,45,1.10E-04,1.028,12.84,8.183,51.03,51.14
4,8E-15,2.04E+10,80,45,1.10E-04,1.028,12.84,8.183,51.03,51.14
6,6E-15,2.84E+10,70,38,1.11E-04,1.029,20.77,7.356,46.05,46.16
6,6E-15,2.84E+10,70,38,1.11E-04,1.029,20.77,7.356,46.05,46.16
6,4E-15,2.84E+10,90,38,1.11E-04,1.029,25.28,6.863,43.08,43.18
6,2E-15,3.64E+10,70,38,1.11E-04,1.03,36.33,5.558,35.22,35.33
6,2E-15,2.44E+10,70,58,1.12E-04,1.03,30.37,4.712,30.13,30.24
4,4E-15,2.56E+10,90,38,1.09E-04,1.03,20.81,6.063,38.27,38.38
4,4E-15,2.56E+10,90,38,1.09E-04,1.03,20.81,6.063,38.27,38.38
4,4E-15,2.84E+10,80,38,1.10E-04,1.03,21.14,7.279,45.58,45.69
4,4E-15,2.84E+10,80,38,1.10E-04,1.03,21.14,7.279,45.58,45.69
4,4E-15,2.84E+10,80,38,1.10E-04,1.03,21.14,7.279,45.58,45.69
4,4E-15,2.84E+10,80,38,1.10E-04,1.03,21.14,7.279,45.58,45.69
4,4E-15,2.56E+10,70,45,1.10E-04,1.031,20.73,6.223,39.23,39.36
4,4E-15,2.56E+10,70,45,1.10E-04,1.031,20.73,6.223,39.23,39.36
4,6E-15,2.44E+10,80,38,1.10E-04,1.032,16.13,6.587,41.42,41.52
4,6E-15,2.44E+10,80,38,1.10E-04,1.032,16.13,6.587,41.42,41.52
4,6E-15,2.44E+10,80,38,1.10E-04,1.032,16.13,6.587,41.42,41.52
4,6E-15,2.44E+10,80,38,1.10E-04,1.032,16.13,6.587,41.42,41.52
4,6E-15,2.44E+10,80,38,1.10E-04,1.032,16.13,6.587,41.42,41.52
4,6E-15,2.44E+10,80,38,1.10E-04,1.032,16.13,6.587,41.42,41.52
4,6E-15,2.44E+10,80,38,1.10E-04,1.032,16.13,6.587,41.42,41.52
4,6E-15,2.44E+10,80,38,1.10E-04,1.032,16.13,6.587,41.42,41.52
4,2E-15,2.44E+10,70,58,1.10E-04,1.032,27.36,5.111,32.53,32.63
4,2E-15,2.44E+10,70,58,1.10E-04,1.032,27.36,5.111,32.53,32.63
4,2E-15,2.84E+10,80,45,1.10E-04,1.032,29.45,6.332,39.88,39.99
4,2E-15,2.84E+10,80,45,1.10E-04,1.032,29.45,6.332,39.88,39.99
4,2E-15,2.84E+10,80,45,1.10E-04,1.032,29.45,6.332,39.88,39.99
4,2E-15,2.84E+10,80,45,1.10E-04,1.032,29.45,6.332,39.88,39.99
4,2E-15,2.56E+10,90,45,1.09E-04,1.032,28.96,5.475,34.72,34.88
4,2E-15,2.56E+10,90,45,1.09E-04,1.032,28.96,5.475,34.72,34.88
6,2E-15,2.84E+10,80,45,1.11E-04,1.032,33.45,5.931,37.47,37.57
6,2E-15,2.84E+10,80,45,1.11E-04,1.032,33.45,5.931,37.47,37.57
6,2E-15,2.56E+10,90,45,1.11E-04,1.032,32.92,5.16,32.83,32.98
2,6E-15,2.04E+10,70,38,1.08E-04,1.033,10.03,8.759,54.49,54.6
2,6E-15,2.04E+10,70,38,1.08E-04,1.033,10.03,8.759,54.49,54.6
6,6E-15,2.04E+10,70,58,1.11E-04,1.034,18.62,7.208,45.16,45.27
6,6E-15,2.04E+10,70,58,1.11E-04,1.034,18.62,7.208,45.16,45.27
4,4E-15,2.04E+10,80,58,1.10E-04,1.034,18.93,7.178,44.98,45.08
4,4E-15,2.04E+10,80,58,1.10E-04,1.034,18.93,7.178,44.98,45.08
4,4E-15,2.04E+10,80,58,1.10E-04,1.034,18.93,7.178,44.98,45.08
4,4E-15,2.04E+10,80,58,1.10E-04,1.034,18.93,7.178,44.98,45.08
6,8E-15,2.04E+10,90,45,1.11E-04,1.034,16.1,7.562,47.29,47.39
2,2E-15,3.24E+10,70,38,1.08E-04,1.034,23.18,6.737,42.32,42.43
6,6E-15,2.44E+10,70,45,1.12E-04,1.034,19.98,6.318,39.8,39.9
6,6E-15,2.44E+10,70,45,1.12E-04,1.034,19.98,6.318,39.8,39.9
4,4E-15,2.44E+10,80,45,1.10E-04,1.034,20.33,6.233,39.28,39.39
4,4E-15,2.44E+10,80,45,1.10E-04,1.034,20.33,6.233,39.28,39.39
4,4E-15,2.44E+10,80,45,1.10E-04,1.034,20.33,6.233,39.28,39.39
4,4E-15,2.44E+10,80,45,1.10E-04,1.034,20.33,6.233,39.28,39.39
2,4E-15,2.44E+10,70,38,1.08E-04,1.035,14,6.6,41.5,41.6
2,2E-15,2.84E+10,90,38,1.08E-04,1.035,22.44,7.108,44.55,44.66
2,2E-15,2.56E+10,80,45,1.08E-04,1.035,21.93,6.067,38.29,38.42
2,2E-15,2.56E+10,80,45,1.08E-04,1.035,21.93,6.067,38.29,38.42
4,2E-15,3.24E+10,80,38,1.10E-04,1.036,31.17,6.422,40.42,40.53
4,2E-15,3.24E+10,80,38,1.10E-04,1.036,31.17,6.422,40.42,40.53
4,2E-15,3.24E+10,80,38,1.10E-04,1.036,31.17,6.422,40.42,40.53
4,2E-15,3.24E+10,80,38,1.10E-04,1.036,31.17,6.422,40.42,40.53
2,2E-15,2.84E+10,70,45,1.08E-04,1.036,22.38,7.054,44.23,44.34
2,4E-15,2.04E+10,90,45,1.08E-04,1.036,13.32,8.109,50.58,50.69
6,6E-15,2.44E+10,90,38,1.12E-04,1.036,20.1,6.285,39.6,39.7
6,6E-15,2.44E+10,90,38,1.12E-04,1.036,20.1,6.285,39.6,39.7
2,2E-15,2.44E+10,90,45,1.08E-04,1.037,21.54,6.065,38.28,38.38
6,8E-15,2.44E+10,70,38,1.12E-04,1.037,17.22,6.545,41.16,41.27
6,4E-15,2.04E+10,80,58,1.11E-04,1.037,22.38,6.506,40.93,41.04
6,4E-15,2.04E+10,80,58,1.11E-04,1.037,22.38,6.506,40.93,41.04
6,2E-15,3.24E+10,80,38,1.11E-04,1.038,35.76,6.033,38.08,38.19
6,2E-15,3.24E+10,80,38,1.11E-04,1.038,35.76,6.033,38.08,38.19
4,8E-15,2.04E+10,70,45,1.10E-04,1.038,13.02,8.072,50.36,50.47
4,8E-15,2.04E+10,70,45,1.10E-04,1.038,13.02,8.072,50.36,50.47
2,2E-15,2.04E+10,90,58,1.08E-04,1.039,20,6.987,43.83,43.93
4,6E-15,2.04E+10,90,45,1.10E-04,1.039,15.4,7.727,48.28,48.39
4,6E-15,2.04E+10,90,45,1.10E-04,1.039,15.4,7.727,48.28,48.39
4,6E-15,2.04E+10,90,45,1.10E-04,1.039,15.4,7.727,48.28,48.39
4,6E-15,2.04E+10,90,45,1.10E-04,1.039,15.4,7.727,48.28,48.39
6,4E-15,2.56E+10,90,38,1.11E-04,1.039,25.28,5.775,36.53,36.66
6,4E-15,2.56E+10,70,45,1.11E-04,1.039,24.92,5.885,37.19,37.34
6,4E-15,2.84E+10,80,38,1.11E-04,1.04,25.66,6.843,42.96,43.07
6,4E-15,2.84E+10,80,38,1.11E-04,1.04,25.66,6.843,42.96,43.07
6,6E-15,2.56E+10,70,38,1.11E-04,1.04,20.77,6.197,39.07,39.19
6,6E-15,2.56E+10,70,38,1.11E-04,1.04,20.77,6.197,39.07,39.19
4,8E-15,2.04E+10,90,38,1.10E-04,1.04,13,8.117,50.63,50.74
4,8E-15,2.04E+10,90,38,1.10E-04,1.04,13,8.117,50.63,50.74
6,4E-15,2.44E+10,80,45,1.12E-04,1.041,24.43,5.734,36.28,36.39
6,4E-15,2.44E+10,80,45,1.12E-04,1.041,24.43,5.734,36.28,36.39
4,4E-15,2.56E+10,80,38,1.10E-04,1.042,21.14,6.107,38.53,38.65
4,4E-15,2.56E+10,80,38,1.10E-04,1.042,21.14,6.107,38.53,38.65
4,4E-15,2.56E+10,80,38,1.10E-04,1.042,21.14,6.107,38.53,38.65
4,4E-15,2.56E+10,80,38,1.10E-04,1.042,21.14,6.107,38.53,38.65
4,6E-15,2.44E+10,70,38,1.10E-04,1.043,16.37,6.539,41.13,41.24
4,6E-15,2.44E+10,70,38,1.10E-04,1.043,16.37,6.539,41.13,41.24
4,6E-15,2.44E+10,70,38,1.10E-04,1.043,16.37,6.539,41.13,41.24
4,6E-15,2.44E+10,70,38,1.10E-04,1.043,16.37,6.539,41.13,41.24
4,4E-15,2.84E+10,70,38,1.10E-04,1.043,21.5,7.231,45.3,45.41
4,4E-15,2.84E+10,70,38,1.10E-04,1.043,21.5,7.231,45.3,45.41
6,2E-15,2.44E+10,90,45,1.11E-04,1.044,32.92,4.852,30.97,31.08
6,2E-15,2.04E+10,90,58,1.11E-04,1.044,29.04,5.48,34.75,34.86
4,2E-15,2.44E+10,90,45,1.10E-04,1.044,28.96,5.234,33.27,33.38
4,2E-15,2.44E+10,90,45,1.10E-04,1.044,28.96,5.234,33.27,33.38
6,8E-15,2.04E+10,80,45,1.11E-04,1.044,16.36,7.525,47.07,47.17
6,8E-15,2.04E+10,80,45,1.11E-04,1.044,16.36,7.525,47.07,47.17
4,2E-15,2.04E+10,90,58,1.09E-04,1.045,26.12,5.906,37.32,37.42
4,2E-15,2.04E+10,90,58,1.09E-04,1.045,26.12,5.906,37.32,37.42
4,2E-15,2.56E+10,80,45,1.09E-04,1.046,29.45,5.478,34.74,34.9
4,2E-15,2.56E+10,80,45,1.09E-04,1.046,29.45,5.478,34.74,34.9
4,2E-15,2.56E+10,80,45,1.09E-04,1.046,29.45,5.478,34.74,34.9
4,2E-15,2.56E+10,80,45,1.09E-04,1.046,29.45,5.478,34.74,34.9
6,2E-15,2.56E+10,80,45,1.11E-04,1.046,33.45,5.16,32.82,32.98
6,2E-15,2.56E+10,80,45,1.11E-04,1.046,33.45,5.16,32.82,32.98
4,2E-15,2.84E+10,90,38,1.10E-04,1.046,30.71,6.401,40.3,40.41
4,2E-15,2.84E+10,90,38,1.10E-04,1.046,30.71,6.401,40.3,40.41
2,2E-15,2.56E+10,90,38,1.07E-04,1.047,22.44,5.98,37.76,37.89
2,4E-15,2.04E+10,80,45,1.08E-04,1.047,13.51,8.021,50.05,50.16
2,4E-15,2.04E+10,80,45,1.08E-04,1.047,13.51,8.021,50.05,50.16
4,2E-15,2.84E+10,70,45,1.10E-04,1.047,30.05,6.285,39.6,39.7
4,2E-15,2.84E+10,70,45,1.10E-04,1.047,30.05,6.285,39.6,39.7
2,2E-15,2.84E+10,80,38,1.08E-04,1.047,22.79,7.085,44.42,44.52
2,2E-15,2.84E+10,80,38,1.08E-04,1.047,22.79,7.085,44.42,44.52
4,4E-15,2.04E+10,70,58,1.10E-04,1.047,19.41,7.094,44.47,44.57
4,4E-15,2.04E+10,70,58,1.10E-04,1.047,19.41,7.094,44.47,44.57
6,6E-15,2.44E+10,80,38,1.12E-04,1.047,20.42,6.257,39.43,39.54
6,6E-15,2.44E+10,80,38,1.12E-04,1.047,20.42,6.257,39.43,39.54
6,6E-15,2.44E+10,80,38,1.12E-04,1.047,20.42,6.257,39.43,39.54
6,6E-15,2.44E+10,80,38,1.12E-04,1.047,20.42,6.257,39.43,39.54
6,2E-15,2.84E+10,70,45,1.11E-04,1.047,34.1,5.891,37.23,37.34
4,4E-15,2.44E+10,90,38,1.10E-04,1.048,20.81,6.187,39.01,39.12
4,4E-15,2.44E+10,90,38,1.10E-04,1.048,20.81,6.187,39.01,39.12
6,2E-15,2.84E+10,90,38,1.11E-04,1.048,35.31,5.986,37.8,37.91
4,4E-15,2.44E+10,70,45,1.10E-04,1.048,20.73,6.178,38.96,39.06
4,4E-15,2.44E+10,70,45,1.10E-04,1.048,20.73,6.178,38.96,39.06
6,6E-15,2.04E+10,90,45,1.11E-04,1.049,19.23,7.103,44.53,44.63
6,6E-15,2.04E+10,90,45,1.11E-04,1.049,19.23,7.103,44.53,44.63
2,2E-15,2.04E+10,80,58,1.08E-04,1.049,20.47,6.908,43.35,43.45
2,2E-15,2.04E+10,80,58,1.08E-04,1.049,20.47,6.908,43.35,43.45
4,8E-15,2.04E+10,80,38,1.10E-04,1.049,13.16,8.047,50.21,50.32
4,8E-15,2.04E+10,80,38,1.10E-04,1.049,13.16,8.047,50.21,50.32
4,8E-15,2.04E+10,80,38,1.10E-04,1.049,13.16,8.047,50.21,50.32
4,8E-15,2.04E+10,80,38,1.10E-04,1.049,13.16,8.047,50.21,50.32
4,2E-15,3.24E+10,70,38,1.10E-04,1.049,31.74,6.358,40.04,40.14
4,2E-15,3.24E+10,70,38,1.10E-04,1.049,31.74,6.358,40.04,40.14
4,6E-15,2.04E+10,80,45,1.10E-04,1.05,15.65,7.677,47.98,48.09
4,6E-15,2.04E+10,80,45,1.10E-04,1.05,15.65,7.677,47.98,48.09
4,6E-15,2.04E+10,80,45,1.10E-04,1.05,15.65,7.677,47.98,48.09
4,6E-15,2.04E+10,80,45,1.10E-04,1.05,15.65,7.677,47.98,48.09
4,6E-15,2.04E+10,80,45,1.10E-04,1.05,15.65,7.677,47.98,48.09
4,6E-15,2.04E+10,80,45,1.10E-04,1.05,15.65,7.677,47.98,48.09
4,6E-15,2.04E+10,80,45,1.10E-04,1.05,15.65,7.677,47.98,48.09
4,6E-15,2.04E+10,80,45,1.10E-04,1.05,15.65,7.677,47.98,48.09
6,4E-15,2.04E+10,70,58,1.11E-04,1.05,22.94,6.424,40.44,40.54
2,2E-15,2.44E+10,80,45,1.08E-04,1.05,21.93,6.015,37.98,38.08
2,2E-15,2.44E+10,80,45,1.08E-04,1.05,21.93,6.015,37.98,38.08
2,2E-15,2.56E+10,70,45,1.08E-04,1.05,22.38,6.095,38.46,38.6
6,4E-15,2.56E+10,80,38,1.11E-04,1.051,25.66,5.803,36.7,36.84
6,4E-15,2.56E+10,80,38,1.11E-04,1.051,25.66,5.803,36.7,36.84
6,2E-15,3.24E+10,70,38,1.11E-04,1.051,36.33,5.982,37.78,37.88
6,4E-15,2.84E+10,70,38,1.11E-04,1.052,26.1,6.804,42.72,42.83
6,2E-15,2.04E+10,80,58,1.11E-04,1.054,29.63,5.42,34.39,34.5
6,2E-15,2.04E+10,80,58,1.11E-04,1.054,29.63,5.42,34.39,34.5
6,4E-15,2.44E+10,90,38,1.11E-04,1.054,25.28,5.733,36.28,36.38
4,4E-15,2.56E+10,70,38,1.10E-04,1.055,21.5,6.156,38.83,38.96
4,4E-15,2.56E+10,70,38,1.10E-04,1.055,21.5,6.156,38.83,38.96
6,8E-15,2.04E+10,70,45,1.12E-04,1.055,16.65,7.466,46.71,46.82
6,4E-15,2.44E+10,70,45,1.12E-04,1.055,24.92,5.684,35.98,36.09
4,2E-15,2.04E+10,80,58,1.10E-04,1.056,26.69,5.835,36.89,36.99
4,2E-15,2.04E+10,80,58,1.10E-04,1.056,26.69,5.835,36.89,36.99
4,2E-15,2.04E+10,80,58,1.10E-04,1.056,26.69,5.835,36.89,36.99
4,2E-15,2.04E+10,80,58,1.10E-04,1.056,26.69,5.835,36.89,36.99
2,4E-15,2.04E+10,90,38,1.08E-04,1.056,13.65,7.981,49.81,49.92
6,8E-15,2.04E+10,90,38,1.11E-04,1.057,16.71,7.434,46.52,46.62
2,4E-15,2.04E+10,70,45,1.08E-04,1.057,13.71,7.912,49.4,49.5
6,2E-15,2.44E+10,80,45,1.12E-04,1.058,33.45,4.815,30.75,30.85
6,2E-15,2.44E+10,80,45,1.12E-04,1.058,33.45,4.815,30.75,30.85
4,8E-15,2.04E+10,70,38,1.10E-04,1.058,13.32,7.948,49.61,49.72
4,8E-15,2.04E+10,70,38,1.10E-04,1.058,13.32,7.948,49.61,49.72
4,2E-15,2.44E+10,80,45,1.10E-04,1.058,29.45,5.19,33.01,33.11
4,2E-15,2.44E+10,80,45,1.10E-04,1.058,29.45,5.19,33.01,33.11
4,2E-15,2.44E+10,80,45,1.10E-04,1.058,29.45,5.19,33.01,33.11
4,2E-15,2.44E+10,80,45,1.10E-04,1.058,29.45,5.19,33.01,33.11
4,2E-15,2.56E+10,90,38,1.09E-04,1.058,30.71,5.448,34.56,34.72
4,2E-15,2.56E+10,90,38,1.09E-04,1.058,30.71,5.448,34.56,34.72
4,2E-15,2.84E+10,80,38,1.10E-04,1.058,31.17,6.378,40.16,40.27
4,2E-15,2.84E+10,80,38,1.10E-04,1.058,31.17,6.378,40.16,40.27
4,2E-15,2.84E+10,80,38,1.10E-04,1.058,31.17,6.378,40.16,40.27
4,2E-15,2.84E+10,80,38,1.10E-04,1.058,31.17,6.378,40.16,40.27
4,4E-15,2.04E+10,90,45,1.10E-04,1.059,19.96,7.041,44.15,44.26
4,4E-15,2.04E+10,90,45,1.10E-04,1.059,19.96,7.041,44.15,44.26
2,2E-15,2.56E+10,80,38,1.08E-04,1.059,22.79,6.013,37.96,38.1
2,2E-15,2.56E+10,80,38,1.08E-04,1.059,22.79,6.013,37.96,38.1
4,4E-15,2.44E+10,80,38,1.10E-04,1.059,21.14,6.151,38.79,38.9
4,4E-15,2.44E+10,80,38,1.10E-04,1.059,21.14,6.151,38.79,38.9
4,4E-15,2.44E+10,80,38,1.10E-04,1.059,21.14,6.151,38.79,38.9
4,4E-15,2.44E+10,80,38,1.10E-04,1.059,21.14,6.151,38.79,38.9
6,6E-15,2.44E+10,70,38,1.12E-04,1.059,20.77,6.215,39.18,39.29
6,6E-15,2.44E+10,70,38,1.12E-04,1.059,20.77,6.215,39.18,39.29
6,2E-15,2.56E+10,90,38,1.11E-04,1.059,35.31,5.145,32.73,32.89
6,6E-15,2.04E+10,80,45,1.11E-04,1.059,19.59,7.058,44.26,44.36
6,6E-15,2.04E+10,80,45,1.11E-04,1.059,19.59,7.058,44.26,44.36
6,6E-15,2.04E+10,80,45,1.11E-04,1.059,19.59,7.058,44.26,44.36
6,6E-15,2.04E+10,80,45,1.11E-04,1.059,19.59,7.058,44.26,44.36
6,2E-15,2.84E+10,80,38,1.11E-04,1.059,35.76,5.964,37.67,37.77
6,2E-15,2.84E+10,80,38,1.11E-04,1.059,35.76,5.964,37.67,37.77
2,2E-15,2.84E+10,70,38,1.08E-04,1.06,23.18,7.036,44.12,44.23
4,6E-15,2.04E+10,70,45,1.10E-04,1.06,15.91,7.604,47.54,47.65
4,6E-15,2.04E+10,70,45,1.10E-04,1.06,15.91,7.604,47.54,47.65
4,6E-15,2.04E+10,70,45,1.10E-04,1.06,15.91,7.604,47.54,47.65
4,6E-15,2.04E+10,70,45,1.10E-04,1.06,15.91,7.604,47.54,47.65
4,6E-15,2.04E+10,90,38,1.10E-04,1.061,15.91,7.6,47.52,47.63
4,6E-15,2.04E+10,90,38,1.10E-04,1.061,15.91,7.6,47.52,47.63
4,6E-15,2.04E+10,90,38,1.10E-04,1.061,15.91,7.6,47.52,47.63
2,2E-15,2.44E+10,90,38,1.08E-04,1.061,22.44,6.015,37.97,38.08
4,2E-15,2.56E+10,70,45,1.09E-04,1.061,30.05,5.482,34.76,34.94
4,2E-15,2.56E+10,70,45,1.09E-04,1.061,30.05,5.482,34.76,34.94
6,2E-15,2.56E+10,70,45,1.11E-04,1.061,34.1,5.16,32.83,32.99
2,2E-15,2.04E+10,70,58,1.08E-04,1.062,20.98,6.811,42.77,42.88
6,4E-15,2.04E+10,90,45,1.11E-04,1.063,24.01,6.425,40.45,40.55
6,4E-15,2.56E+10,70,38,1.11E-04,1.064,26.1,5.837,36.9,37.05
2,2E-15,2.44E+10,70,45,1.08E-04,1.065,22.38,5.951,37.59,37.69
2,4E-15,2.04E+10,80,38,1.08E-04,1.065,13.82,7.905,49.36,49.46
2,4E-15,2.04E+10,80,38,1.08E-04,1.065,13.82,7.905,49.36,49.46
6,2E-15,2.04E+10,70,58,1.11E-04,1.065,30.37,5.353,33.99,34.1
6,8E-15,2.04E+10,80,38,1.12E-04,1.066,16.95,7.4,46.31,46.42
6,8E-15,2.04E+10,80,38,1.12E-04,1.066,16.95,7.4,46.31,46.42
6,4E-15,2.44E+10,80,38,1.12E-04,1.066,25.66,5.7,36.08,36.19
6,4E-15,2.44E+10,80,38,1.12E-04,1.066,25.66,5.7,36.08,36.19
4,2E-15,2.04E+10,70,58,1.10E-04,1.067,27.36,5.754,36.4,36.51
4,2E-15,2.04E+10,70,58,1.10E-04,1.067,27.36,5.754,36.4,36.51
4,2E-15,2.44E+10,90,38,1.10E-04,1.069,30.71,5.267,33.47,33.58
4,2E-15,2.44E+10,90,38,1.10E-04,1.069,30.71,5.267,33.47,33.58
4,4E-15,2.04E+10,80,45,1.10E-04,1.07,20.33,6.986,43.82,43.93
4,4E-15,2.04E+10,80,45,1.10E-04,1.07,20.33,6.986,43.82,43.93
4,4E-15,2.04E+10,80,45,1.10E-04,1.07,20.33,6.986,43.82,43.93
4,4E-15,2.04E+10,80,45,1.10E-04,1.07,20.33,6.986,43.82,43.93
6,2E-15,2.44E+10,90,38,1.11E-04,1.07,35.31,4.904,31.29,31.39
4,6E-15,2.04E+10,80,38,1.10E-04,1.07,16.13,7.556,47.25,47.36
4,6E-15,2.04E+10,80,38,1.10E-04,1.07,16.13,7.556,47.25,47.36
4,6E-15,2.04E+10,80,38,1.10E-04,1.07,16.13,7.556,47.25,47.36
4,6E-15,2.04E+10,80,38,1.10E-04,1.07,16.13,7.556,47.25,47.36
4,6E-15,2.04E+10,80,38,1.10E-04,1.07,16.13,7.556,47.25,47.36
4,6E-15,2.04E+10,80,38,1.10E-04,1.07,16.13,7.556,47.25,47.36
4,6E-15,2.04E+10,80,38,1.10E-04,1.07,16.13,7.556,47.25,47.36
4,6E-15,2.04E+10,80,38,1.10E-04,1.07,16.13,7.556,47.25,47.36
4,2E-15,2.56E+10,80,38,1.09E-04,1.07,31.17,5.459,34.62,34.79
4,2E-15,2.56E+10,80,38,1.09E-04,1.07,31.17,5.459,34.62,34.79
4,2E-15,2.56E+10,80,38,1.09E-04,1.07,31.17,5.459,34.62,34.79
4,2E-15,2.56E+10,80,38,1.09E-04,1.07,31.17,5.459,34.62,34.79
6,6E-15,2.04E+10,70,45,1.12E-04,1.07,19.98,6.996,43.88,43.99
6,6E-15,2.04E+10,70,45,1.12E-04,1.07,19.98,6.996,43.88,43.99
2,2E-15,2.04E+10,90,45,1.08E-04,1.071,21.54,6.839,42.93,43.04
6,6E-15,2.04E+10,90,38,1.11E-04,1.071,20.1,6.998,43.89,43.99
6,6E-15,2.04E+10,90,38,1.11E-04,1.071,20.1,6.998,43.89,43.99
4,4E-15,2.44E+10,70,38,1.10E-04,1.071,21.5,6.102,38.5,38.6
4,4E-15,2.44E+10,70,38,1.10E-04,1.071,21.5,6.102,38.5,38.6
6,2E-15,2.56E+10,80,38,1.11E-04,1.071,35.76,5.15,32.77,32.93
6,2E-15,2.56E+10,80,38,1.11E-04,1.071,35.76,5.15,32.77,32.93
4,2E-15,2.84E+10,70,38,1.10E-04,1.072,31.74,6.345,39.96,40.07
4,2E-15,2.84E+10,70,38,1.10E-04,1.072,31.74,6.345,39.96,40.07
2,2E-15,2.56E+10,70,38,1.08E-04,1.072,23.18,6.051,38.19,38.33
6,2E-15,2.44E+10,70,45,1.12E-04,1.073,34.1,4.773,30.5,30.6
4,2E-15,2.44E+10,70,45,1.10E-04,1.073,30.05,5.137,32.69,32.79
4,2E-15,2.44E+10,70,45,1.10E-04,1.073,30.05,5.137,32.69,32.79
6,2E-15,2.84E+10,70,38,1.11E-04,1.073,36.33,5.935,37.49,37.6
2,2E-15,2.44E+10,80,38,1.08E-04,1.073,22.79,5.971,37.71,37.81
2,2E-15,2.44E+10,80,38,1.08E-04,1.073,22.79,5.971,37.71,37.81
6,4E-15,2.04E+10,80,45,1.11E-04,1.074,24.43,6.368,40.1,40.21
6,4E-15,2.04E+10,80,45,1.11E-04,1.074,24.43,6.368,40.1,40.21
2,4E-15,2.04E+10,70,38,1.08E-04,1.074,14,7.81,48.78,48.89
6,8E-15,2.04E+10,70,38,1.12E-04,1.075,17.22,7.346,45.99,46.09
6,2E-15,2.04E+10,90,45,1.11E-04,1.078,32.92,5.466,34.67,34.77
4,2E-15,2.04E+10,90,45,1.10E-04,1.078,28.96,5.863,37.06,37.16
4,2E-15,2.04E+10,90,45,1.10E-04,1.078,28.96,5.863,37.06,37.16
6,4E-15,2.44E+10,70,38,1.12E-04,1.078,26.1,5.657,35.82,35.92
4,6E-15,2.04E+10,70,38,1.10E-04,1.079,16.37,7.492,46.86,46.97
4,6E-15,2.04E+10,70,38,1.10E-04,1.079,16.37,7.492,46.86,46.97
4,6E-15,2.04E+10,70,38,1.10E-04,1.079,16.37,7.492,46.86,46.97
4,6E-15,2.04E+10,70,38,1.10E-04,1.079,16.37,7.492,46.86,46.97
4,4E-15,2.04E+10,90,38,1.10E-04,1.08,20.81,6.953,43.62,43.73
4,4E-15,2.04E+10,90,38,1.10E-04,1.08,20.81,6.953,43.62,43.73
6,6E-15,2.04E+10,80,38,1.12E-04,1.08,20.42,6.957,43.65,43.75
6,6E-15,2.04E+10,80,38,1.12E-04,1.08,20.42,6.957,43.65,43.75
6,6E-15,2.04E+10,80,38,1.12E-04,1.08,20.42,6.957,43.65,43.75
6,6E-15,2.04E+10,80,38,1.12E-04,1.08,20.42,6.957,43.65,43.75
4,2E-15,2.44E+10,80,38,1.10E-04,1.081,31.17,5.23,33.25,33.35
4,2E-15,2.44E+10,80,38,1.10E-04,1.081,31.17,5.23,33.25,33.35
4,2E-15,2.44E+10,80,38,1.10E-04,1.081,31.17,5.23,33.25,33.35
4,2E-15,2.44E+10,80,38,1.10E-04,1.081,31.17,5.23,33.25,33.35
4,4E-15,2.04E+10,70,45,1.10E-04,1.082,20.73,6.916,43.4,43.5
4,4E-15,2.04E+10,70,45,1.10E-04,1.082,20.73,6.916,43.4,43.5
6,2E-15,2.44E+10,80,38,1.12E-04,1.082,35.76,4.874,31.11,31.21
6,2E-15,2.44E+10,80,38,1.12E-04,1.082,35.76,4.874,31.11,31.21
2,2E-15,2.04E+10,80,45,1.08E-04,1.082,21.93,6.773,42.54,42.64
2,2E-15,2.04E+10,80,45,1.08E-04,1.082,21.93,6.773,42.54,42.64
4,2E-15,2.56E+10,70,38,1.09E-04,1.084,31.74,5.471,34.7,34.88
4,2E-15,2.56E+10,70,38,1.09E-04,1.084,31.74,5.471,34.7,34.88
6,4E-15,2.04E+10,90,38,1.11E-04,1.084,25.28,6.375,40.14,40.25
6,2E-15,2.56E+10,70,38,1.11E-04,1.085,36.33,5.158,32.82,32.98
2,2E-15,2.44E+10,70,38,1.08E-04,1.086,23.18,5.914,37.37,37.47
6,4E-15,2.04E+10,70,45,1.11E-04,1.086,24.92,6.301,39.69,39.8
6,2E-15,2.04E+10,80,45,1.11E-04,1.087,33.45,5.416,34.37,34.47
6,2E-15,2.04E+10,80,45,1.11E-04,1.087,33.45,5.416,34.37,34.47
4,2E-15,2.04E+10,80,45,1.10E-04,1.088,29.45,5.804,36.71,36.81
4,2E-15,2.04E+10,80,45,1.10E-04,1.088,29.45,5.804,36.71,36.81
4,2E-15,2.04E+10,80,45,1.10E-04,1.088,29.45,5.804,36.71,36.81
4,2E-15,2.04E+10,80,45,1.10E-04,1.088,29.45,5.804,36.71,36.81
4,4E-15,2.04E+10,80,38,1.10E-04,1.089,21.14,6.905,43.33,43.44
4,4E-15,2.04E+10,80,38,1.10E-04,1.089,21.14,6.905,43.33,43.44
4,4E-15,2.04E+10,80,38,1.10E-04,1.089,21.14,6.905,43.33,43.44
4,4E-15,2.04E+10,80,38,1.10E-04,1.089,21.14,6.905,43.33,43.44
2,2E-15,2.04E+10,90,38,1.08E-04,1.09,22.44,6.782,42.59,42.7
6,6E-15,2.04E+10,70,38,1.12E-04,1.091,20.77,6.902,43.32,43.42
6,6E-15,2.04E+10,70,38,1.12E-04,1.091,20.77,6.902,43.32,43.42
6,4E-15,2.04E+10,80,38,1.12E-04,1.094,25.66,6.326,39.84,39.95
6,4E-15,2.04E+10,80,38,1.12E-04,1.094,25.66,6.326,39.84,39.95
4,2E-15,2.44E+10,70,38,1.10E-04,1.094,31.74,5.185,32.98,33.08
4,2E-15,2.44E+10,70,38,1.10E-04,1.094,31.74,5.185,32.98,33.08
2,2E-15,2.04E+10,70,45,1.08E-04,1.095,22.38,6.696,42.07,42.18
6,2E-15,2.44E+10,70,38,1.12E-04,1.095,36.33,4.839,30.89,31
4,2E-15,2.04E+10,90,38,1.10E-04,1.096,30.71,5.87,37.1,37.21
4,2E-15,2.04E+10,90,38,1.10E-04,1.096,30.71,5.87,37.1,37.21
6,2E-15,2.04E+10,90,38,1.11E-04,1.097,35.31,5.488,34.8,34.9
6,2E-15,2.04E+10,70,45,1.11E-04,1.1,34.1,5.362,34.04,34.15
2,2E-15,2.04E+10,80,38,1.08E-04,1.1,22.79,6.726,42.26,42.36
2,2E-15,2.04E+10,80,38,1.08E-04,1.1,22.79,6.726,42.26,42.36
4,2E-15,2.04E+10,70,45,1.10E-04,1.1,30.05,5.74,36.32,36.42
4,2E-15,2.04E+10,70,45,1.10E-04,1.1,30.05,5.74,36.32,36.42
4,4E-15,2.04E+10,70,38,1.10E-04,1.101,21.5,6.844,42.97,43.07
4,4E-15,2.04E+10,70,38,1.10E-04,1.101,21.5,6.844,42.97,43.07
6,4E-15,2.04E+10,70,38,1.12E-04,1.106,26.1,6.267,39.49,39.6
4,2E-15,2.04E+10,80,38,1.10E-04,1.106,31.17,5.82,36.8,36.9
4,2E-15,2.04E+10,80,38,1.10E-04,1.106,31.17,5.82,36.8,36.9
4,2E-15,2.04E+10,80,38,1.10E-04,1.106,31.17,5.82,36.8,36.9
4,2E-15,2.04E+10,80,38,1.10E-04,1.106,31.17,5.82,36.8,36.9
6,2E-15,2.04E+10,80,38,1.11E-04,1.106,35.76,5.444,34.54,34.64
6,2E-15,2.04E+10,80,38,1.11E-04,1.106,35.76,5.444,34.54,34.64
2,2E-15,2.04E+10,70,38,1.08E-04,1.112,23.18,6.66,41.86,41.97
4,2E-15,2.04E+10,70,38,1.10E-04,1.118,31.74,5.764,36.47,36.57
4,2E-15,2.04E+10,70,38,1.10E-04,1.118,31.74,5.764,36.47,36.57
6,2E-15,2.04E+10,70,38,1.11E-04,1.118,36.33,5.397,34.26,34.36
,,,,,,,,,,
,,,,,,,,,,
,,,,,,,,,,
,,,,,,,,,,
,,,,,,,,,,
,,,,,,,,,,
