CP_out_width,nor_n_width,nor_p_width,tspc_n_width,tspc_p_width,vdd,deadzone,power
7.2e-07,2.25e-07,3.6e-07,2.25e-07,3.6e-07,0.8,4.1117e-12,0.0029935
7.2e-07,2.25e-07,3.6e-07,2.25e-07,3.6e-07,0.9,-2.7465e-13,0.0039455
7.2e-07,2.25e-07,3.6e-07,2.25e-07,3.6e-07,1.0,-2.0019e-12,0.0051231
7.2e-07,2.25e-07,3.6e-07,2.25e-07,4e-07,0.8,3.9497e-12,0.0030014
7.2e-07,2.25e-07,3.6e-07,2.25e-07,4e-07,0.9,-3.1033e-13,0.0039552
7.2e-07,2.25e-07,3.6e-07,2.25e-07,4e-07,1.0,-1.9225e-12,0.0051358
7.2e-07,2.25e-07,3.6e-07,2.25e-07,4.4e-07,0.8,3.8153e-12,0.0030093
7.2e-07,2.25e-07,3.6e-07,2.25e-07,4.4e-07,0.9,-3.5029e-13,0.0039651
7.2e-07,2.25e-07,3.6e-07,2.25e-07,4.4e-07,1.0,-1.8563e-12,0.0051486
7.2e-07,2.25e-07,3.6e-07,2.5e-07,3.6e-07,0.8,4.3817e-12,0.0030033
7.2e-07,2.25e-07,3.6e-07,2.5e-07,3.6e-07,0.9,-1.6155e-14,0.0039595
7.2e-07,2.25e-07,3.6e-07,2.5e-07,3.6e-07,1.0,-1.8436e-12,0.0051417
7.2e-07,2.25e-07,3.6e-07,2.5e-07,4e-07,0.8,4.2261e-12,0.0030113
7.2e-07,2.25e-07,3.6e-07,2.5e-07,4e-07,0.9,-2.6796e-14,0.0039694
7.2e-07,2.25e-07,3.6e-07,2.5e-07,4e-07,1.0,-1.746e-12,0.0051545
7.2e-07,2.25e-07,3.6e-07,2.5e-07,4.4e-07,0.8,4.0953e-12,0.0030192
7.2e-07,2.25e-07,3.6e-07,2.5e-07,4.4e-07,0.9,-4.2719e-14,0.0039793
7.2e-07,2.25e-07,3.6e-07,2.5e-07,4.4e-07,1.0,-1.6659e-12,0.0051674
7.2e-07,2.25e-07,3.6e-07,2.75e-07,3.6e-07,0.8,4.6272e-12,0.0030131
7.2e-07,2.25e-07,3.6e-07,2.75e-07,3.6e-07,0.9,1.8604e-13,0.0039736
7.2e-07,2.25e-07,3.6e-07,2.75e-07,3.6e-07,1.0,-1.7095e-12,0.0051603
7.2e-07,2.25e-07,3.6e-07,2.75e-07,4e-07,0.8,4.4707e-12,0.0030211
7.2e-07,2.25e-07,3.6e-07,2.75e-07,4e-07,0.9,1.9543e-13,0.0039835
7.2e-07,2.25e-07,3.6e-07,2.75e-07,4e-07,1.0,-1.5976e-12,0.0051732
7.2e-07,2.25e-07,3.6e-07,2.75e-07,4.4e-07,0.8,4.3439e-12,0.0030291
7.2e-07,2.25e-07,3.6e-07,2.75e-07,4.4e-07,0.9,1.962e-13,0.0039935
7.2e-07,2.25e-07,3.6e-07,2.75e-07,4.4e-07,1.0,-1.5105e-12,0.0051862
7.2e-07,2.25e-07,4e-07,2.25e-07,3.6e-07,0.8,4.0312e-12,0.0029966
7.2e-07,2.25e-07,4e-07,2.25e-07,3.6e-07,0.9,-2.8938e-13,0.003949
7.2e-07,2.25e-07,4e-07,2.25e-07,3.6e-07,1.0,-1.971e-12,0.0051275
7.2e-07,2.25e-07,4e-07,2.25e-07,4e-07,0.8,3.8655e-12,0.0030045
7.2e-07,2.25e-07,4e-07,2.25e-07,4e-07,0.9,-3.3059e-13,0.0039588
7.2e-07,2.25e-07,4e-07,2.25e-07,4e-07,1.0,-1.8919e-12,0.0051402
7.2e-07,2.25e-07,4e-07,2.25e-07,4.4e-07,0.8,3.7241e-12,0.0030124
7.2e-07,2.25e-07,4e-07,2.25e-07,4.4e-07,0.9,-3.7826e-13,0.0039686
7.2e-07,2.25e-07,4e-07,2.25e-07,4.4e-07,1.0,-1.8244e-12,0.0051532
7.2e-07,2.25e-07,4e-07,2.5e-07,3.6e-07,0.8,4.3075e-12,0.0030064
7.2e-07,2.25e-07,4e-07,2.5e-07,3.6e-07,0.9,-3.1636e-14,0.0039632
7.2e-07,2.25e-07,4e-07,2.5e-07,3.6e-07,1.0,-1.8114e-12,0.0051462
7.2e-07,2.25e-07,4e-07,2.5e-07,4e-07,0.8,4.1437e-12,0.0030144
7.2e-07,2.25e-07,4e-07,2.5e-07,4e-07,0.9,-4.844e-14,0.0039729
7.2e-07,2.25e-07,4e-07,2.5e-07,4e-07,1.0,-1.7166e-12,0.005159
7.2e-07,2.25e-07,4e-07,2.5e-07,4.4e-07,0.8,4.0059e-12,0.0030223
7.2e-07,2.25e-07,4e-07,2.5e-07,4.4e-07,0.9,-6.8791e-14,0.0039828
7.2e-07,2.25e-07,4e-07,2.5e-07,4.4e-07,1.0,-1.639e-12,0.0051719
7.2e-07,2.25e-07,4e-07,2.75e-07,3.6e-07,0.8,4.5466e-12,0.0030162
7.2e-07,2.25e-07,4e-07,2.75e-07,3.6e-07,0.9,1.7641e-13,0.0039772
7.2e-07,2.25e-07,4e-07,2.75e-07,3.6e-07,1.0,-1.6771e-12,0.0051648
7.2e-07,2.25e-07,4e-07,2.75e-07,4e-07,0.8,4.388e-12,0.0030242
7.2e-07,2.25e-07,4e-07,2.75e-07,4e-07,0.9,1.7928e-13,0.0039871
7.2e-07,2.25e-07,4e-07,2.75e-07,4e-07,1.0,-1.5671e-12,0.0051777
7.2e-07,2.25e-07,4e-07,2.75e-07,4.4e-07,0.8,4.2547e-12,0.0030322
7.2e-07,2.25e-07,4e-07,2.75e-07,4.4e-07,0.9,1.7433e-13,0.003997
7.2e-07,2.25e-07,4e-07,2.75e-07,4.4e-07,1.0,-1.4778e-12,0.0051906
7.2e-07,2.25e-07,4.4e-07,2.25e-07,3.6e-07,0.8,3.966e-12,0.0029996
7.2e-07,2.25e-07,4.4e-07,2.25e-07,3.6e-07,0.9,-3.0709e-13,0.0039526
7.2e-07,2.25e-07,4.4e-07,2.25e-07,3.6e-07,1.0,-1.9419e-12,0.0051321
7.2e-07,2.25e-07,4.4e-07,2.25e-07,4e-07,0.8,3.7926e-12,0.0030076
7.2e-07,2.25e-07,4.4e-07,2.25e-07,4e-07,0.9,-3.5253e-13,0.0039623
7.2e-07,2.25e-07,4.4e-07,2.25e-07,4e-07,1.0,-1.8668e-12,0.0051448
7.2e-07,2.25e-07,4.4e-07,2.25e-07,4.4e-07,0.8,3.6441e-12,0.0030155
7.2e-07,2.25e-07,4.4e-07,2.25e-07,4.4e-07,0.9,-4.0296e-13,0.0039721
7.2e-07,2.25e-07,4.4e-07,2.25e-07,4.4e-07,1.0,-1.8052e-12,0.0051577
7.2e-07,2.25e-07,4.4e-07,2.5e-07,3.6e-07,0.8,4.2426e-12,0.0030094
7.2e-07,2.25e-07,4.4e-07,2.5e-07,3.6e-07,0.9,-4.1712e-14,0.0039667
7.2e-07,2.25e-07,4.4e-07,2.5e-07,3.6e-07,1.0,-1.7825e-12,0.0051507
7.2e-07,2.25e-07,4.4e-07,2.5e-07,4e-07,0.8,4.0741e-12,0.0030174
7.2e-07,2.25e-07,4.4e-07,2.5e-07,4e-07,0.9,-6.6251e-14,0.0039765
7.2e-07,2.25e-07,4.4e-07,2.5e-07,4e-07,1.0,-1.6909e-12,0.0051635
7.2e-07,2.25e-07,4.4e-07,2.5e-07,4.4e-07,0.8,3.9304e-12,0.0030254
7.2e-07,2.25e-07,4.4e-07,2.5e-07,4.4e-07,0.9,-8.9124e-14,0.0039863
7.2e-07,2.25e-07,4.4e-07,2.5e-07,4.4e-07,1.0,-1.6143e-12,0.0051763
7.2e-07,2.25e-07,4.4e-07,2.75e-07,3.6e-07,0.8,4.4821e-12,0.0030192
7.2e-07,2.25e-07,4.4e-07,2.75e-07,3.6e-07,0.9,1.6803e-13,0.0039808
7.2e-07,2.25e-07,4.4e-07,2.75e-07,3.6e-07,1.0,-1.6448e-12,0.0051694
7.2e-07,2.25e-07,4.4e-07,2.75e-07,4e-07,0.8,4.3191e-12,0.0030273
7.2e-07,2.25e-07,4.4e-07,2.75e-07,4e-07,0.9,1.6512e-13,0.0039906
7.2e-07,2.25e-07,4.4e-07,2.75e-07,4e-07,1.0,-1.5398e-12,0.0051821
7.2e-07,2.25e-07,4.4e-07,2.75e-07,4.4e-07,0.8,4.178e-12,0.0030353
7.2e-07,2.25e-07,4.4e-07,2.75e-07,4.4e-07,0.9,1.5564e-13,0.0040005
7.2e-07,2.25e-07,4.4e-07,2.75e-07,4.4e-07,1.0,-1.452e-12,0.0051951
7.2e-07,2.5e-07,3.6e-07,2.25e-07,3.6e-07,0.8,4.1314e-12,0.0029945
7.2e-07,2.5e-07,3.6e-07,2.25e-07,3.6e-07,0.9,-2.5737e-13,0.0039469
7.2e-07,2.5e-07,3.6e-07,2.25e-07,3.6e-07,1.0,-2.0117e-12,0.0051248
7.2e-07,2.5e-07,3.6e-07,2.25e-07,4e-07,0.8,3.9683e-12,0.0030024
7.2e-07,2.5e-07,3.6e-07,2.25e-07,4e-07,0.9,-2.9327e-13,0.0039566
7.2e-07,2.5e-07,3.6e-07,2.25e-07,4e-07,1.0,-1.9316e-12,0.0051375
7.2e-07,2.5e-07,3.6e-07,2.25e-07,4.4e-07,0.8,3.8325e-12,0.0030103
7.2e-07,2.5e-07,3.6e-07,2.25e-07,4.4e-07,0.9,-3.3112e-13,0.0039665
7.2e-07,2.5e-07,3.6e-07,2.25e-07,4.4e-07,1.0,-1.8669e-12,0.0051503
7.2e-07,2.5e-07,3.6e-07,2.5e-07,3.6e-07,0.8,4.4038e-12,0.0030043
7.2e-07,2.5e-07,3.6e-07,2.5e-07,3.6e-07,0.9,1.7855e-15,0.0039609
7.2e-07,2.5e-07,3.6e-07,2.5e-07,3.6e-07,1.0,-1.8504e-12,0.0051434
7.2e-07,2.5e-07,3.6e-07,2.5e-07,4e-07,0.8,4.2469e-12,0.0030123
7.2e-07,2.5e-07,3.6e-07,2.5e-07,4e-07,0.9,-1.0356e-14,0.0039708
7.2e-07,2.5e-07,3.6e-07,2.5e-07,4e-07,1.0,-1.753e-12,0.0051562
7.2e-07,2.5e-07,3.6e-07,2.5e-07,4.4e-07,0.8,4.1138e-12,0.0030202
7.2e-07,2.5e-07,3.6e-07,2.5e-07,4.4e-07,0.9,-2.8138e-14,0.0039807
7.2e-07,2.5e-07,3.6e-07,2.5e-07,4.4e-07,1.0,-1.6749e-12,0.0051691
7.2e-07,2.5e-07,3.6e-07,2.75e-07,3.6e-07,0.8,4.6516e-12,0.0030141
7.2e-07,2.5e-07,3.6e-07,2.75e-07,3.6e-07,0.9,2.0058e-13,0.003975
7.2e-07,2.5e-07,3.6e-07,2.75e-07,3.6e-07,1.0,-1.7137e-12,0.005162
7.2e-07,2.5e-07,3.6e-07,2.75e-07,4e-07,0.8,4.4915e-12,0.0030221
7.2e-07,2.5e-07,3.6e-07,2.75e-07,4e-07,0.9,2.1067e-13,0.0039849
7.2e-07,2.5e-07,3.6e-07,2.75e-07,4e-07,1.0,-1.6042e-12,0.0051749
7.2e-07,2.5e-07,3.6e-07,2.75e-07,4.4e-07,0.8,4.3632e-12,0.0030301
7.2e-07,2.5e-07,3.6e-07,2.75e-07,4.4e-07,0.9,2.1194e-13,0.0039949
7.2e-07,2.5e-07,3.6e-07,2.75e-07,4.4e-07,1.0,-1.5159e-12,0.0051879
7.2e-07,2.5e-07,4e-07,2.25e-07,3.6e-07,0.8,4.0528e-12,0.0029976
7.2e-07,2.5e-07,4e-07,2.25e-07,3.6e-07,0.9,-2.7218e-13,0.0039504
7.2e-07,2.5e-07,4e-07,2.25e-07,3.6e-07,1.0,-1.9753e-12,0.0051293
7.2e-07,2.5e-07,4e-07,2.25e-07,4e-07,0.8,3.8841e-12,0.0030055
7.2e-07,2.5e-07,4e-07,2.25e-07,4e-07,0.9,-3.1457e-13,0.0039602
7.2e-07,2.5e-07,4e-07,2.25e-07,4e-07,1.0,-1.8983e-12,0.005142
7.2e-07,2.5e-07,4e-07,2.25e-07,4.4e-07,0.8,3.7403e-12,0.0030135
7.2e-07,2.5e-07,4e-07,2.25e-07,4.4e-07,0.9,-3.6006e-13,0.00397
7.2e-07,2.5e-07,4e-07,2.25e-07,4.4e-07,1.0,-1.8335e-12,0.0051549
7.2e-07,2.5e-07,4e-07,2.5e-07,3.6e-07,0.8,4.3277e-12,0.0030074
7.2e-07,2.5e-07,4e-07,2.5e-07,3.6e-07,0.9,-1.3888e-14,0.0039645
7.2e-07,2.5e-07,4e-07,2.5e-07,3.6e-07,1.0,-1.8156e-12,0.005148
7.2e-07,2.5e-07,4e-07,2.5e-07,4e-07,0.8,4.1629e-12,0.0030154
7.2e-07,2.5e-07,4e-07,2.5e-07,4e-07,0.9,-3.0086e-14,0.0039743
7.2e-07,2.5e-07,4e-07,2.5e-07,4e-07,1.0,-1.7221e-12,0.0051608
7.2e-07,2.5e-07,4e-07,2.5e-07,4.4e-07,0.8,4.0223e-12,0.0030234
7.2e-07,2.5e-07,4e-07,2.5e-07,4.4e-07,0.9,-5.1727e-14,0.0039842
7.2e-07,2.5e-07,4e-07,2.5e-07,4.4e-07,1.0,-1.6456e-12,0.0051736
7.2e-07,2.5e-07,4e-07,2.75e-07,3.6e-07,0.8,4.5679e-12,0.0030172
7.2e-07,2.5e-07,4e-07,2.75e-07,3.6e-07,0.9,1.9201e-13,0.0039786
7.2e-07,2.5e-07,4e-07,2.75e-07,3.6e-07,1.0,-1.6804e-12,0.0051666
7.2e-07,2.5e-07,4e-07,2.75e-07,4e-07,0.8,4.4083e-12,0.0030252
7.2e-07,2.5e-07,4e-07,2.75e-07,4e-07,0.9,1.9396e-13,0.0039885
7.2e-07,2.5e-07,4e-07,2.75e-07,4e-07,1.0,-1.5685e-12,0.0051794
7.2e-07,2.5e-07,4e-07,2.75e-07,4.4e-07,0.8,4.2735e-12,0.0030332
7.2e-07,2.5e-07,4e-07,2.75e-07,4.4e-07,0.9,1.9024e-13,0.0039984
7.2e-07,2.5e-07,4e-07,2.75e-07,4.4e-07,1.0,-1.484e-12,0.0051924
7.2e-07,2.5e-07,4.4e-07,2.25e-07,3.6e-07,0.8,3.9843e-12,0.0030007
7.2e-07,2.5e-07,4.4e-07,2.25e-07,3.6e-07,0.9,-2.8832e-13,0.003954
7.2e-07,2.5e-07,4.4e-07,2.25e-07,3.6e-07,1.0,-1.9491e-12,0.0051339
7.2e-07,2.5e-07,4.4e-07,2.25e-07,4e-07,0.8,3.8101e-12,0.0030086
7.2e-07,2.5e-07,4.4e-07,2.25e-07,4e-07,0.9,-3.3626e-13,0.0039637
7.2e-07,2.5e-07,4.4e-07,2.25e-07,4e-07,1.0,-1.8735e-12,0.0051465
7.2e-07,2.5e-07,4.4e-07,2.25e-07,4.4e-07,0.8,3.6604e-12,0.0030165
7.2e-07,2.5e-07,4.4e-07,2.25e-07,4.4e-07,0.9,-3.8262e-13,0.0039735
7.2e-07,2.5e-07,4.4e-07,2.25e-07,4.4e-07,1.0,-1.8126e-12,0.0051594
7.2e-07,2.5e-07,4.4e-07,2.5e-07,3.6e-07,0.8,4.2624e-12,0.0030105
7.2e-07,2.5e-07,4.4e-07,2.5e-07,3.6e-07,0.9,-2.5256e-14,0.0039681
7.2e-07,2.5e-07,4.4e-07,2.5e-07,3.6e-07,1.0,-1.7872e-12,0.0051525
7.2e-07,2.5e-07,4.4e-07,2.5e-07,4e-07,0.8,4.0903e-12,0.0030185
7.2e-07,2.5e-07,4.4e-07,2.5e-07,4e-07,0.9,-4.9801e-14,0.0039779
7.2e-07,2.5e-07,4.4e-07,2.5e-07,4e-07,1.0,-1.6938e-12,0.0051652
7.2e-07,2.5e-07,4.4e-07,2.5e-07,4.4e-07,0.8,3.9448e-12,0.0030264
7.2e-07,2.5e-07,4.4e-07,2.5e-07,4.4e-07,0.9,-7.4844e-14,0.0039878
7.2e-07,2.5e-07,4.4e-07,2.5e-07,4.4e-07,1.0,-1.6198e-12,0.0051782
7.2e-07,2.5e-07,4.4e-07,2.75e-07,3.6e-07,0.8,4.5014e-12,0.0030203
7.2e-07,2.5e-07,4.4e-07,2.75e-07,3.6e-07,0.9,1.8336e-13,0.0039822
7.2e-07,2.5e-07,4.4e-07,2.75e-07,3.6e-07,1.0,-1.6492e-12,0.0051712
7.2e-07,2.5e-07,4.4e-07,2.75e-07,4e-07,0.8,4.3372e-12,0.0030283
7.2e-07,2.5e-07,4.4e-07,2.75e-07,4e-07,0.9,1.801e-13,0.003992
7.2e-07,2.5e-07,4.4e-07,2.75e-07,4e-07,1.0,-1.5419e-12,0.0051839
7.2e-07,2.5e-07,4.4e-07,2.75e-07,4.4e-07,0.8,4.1981e-12,0.0030363
7.2e-07,2.5e-07,4.4e-07,2.75e-07,4.4e-07,0.9,1.6989e-13,0.0040019
7.2e-07,2.5e-07,4.4e-07,2.75e-07,4.4e-07,1.0,-1.458e-12,0.0051969
7.2e-07,2.75e-07,3.6e-07,2.25e-07,3.6e-07,0.8,4.1532e-12,0.0029955
7.2e-07,2.75e-07,3.6e-07,2.25e-07,3.6e-07,0.9,-2.3754e-13,0.0039482
7.2e-07,2.75e-07,3.6e-07,2.25e-07,3.6e-07,1.0,-2.0184e-12,0.0051265
7.2e-07,2.75e-07,3.6e-07,2.25e-07,4e-07,0.8,3.9872e-12,0.0030034
7.2e-07,2.75e-07,3.6e-07,2.25e-07,4e-07,0.9,-2.7454e-13,0.003958
7.2e-07,2.75e-07,3.6e-07,2.25e-07,4e-07,1.0,-1.9412e-12,0.0051392
7.2e-07,2.75e-07,3.6e-07,2.25e-07,4.4e-07,0.8,3.849e-12,0.0030114
7.2e-07,2.75e-07,3.6e-07,2.25e-07,4.4e-07,0.9,-3.1389e-13,0.0039678
7.2e-07,2.75e-07,3.6e-07,2.25e-07,4.4e-07,1.0,-1.8764e-12,0.005152
7.2e-07,2.75e-07,3.6e-07,2.5e-07,3.6e-07,0.8,4.4267e-12,0.0030053
7.2e-07,2.75e-07,3.6e-07,2.5e-07,3.6e-07,0.9,1.7209e-14,0.0039623
7.2e-07,2.75e-07,3.6e-07,2.5e-07,3.6e-07,1.0,-1.8578e-12,0.0051452
7.2e-07,2.75e-07,3.6e-07,2.5e-07,4e-07,0.8,4.2675e-12,0.0030133
7.2e-07,2.75e-07,3.6e-07,2.5e-07,4e-07,0.9,6.1856e-15,0.0039722
7.2e-07,2.75e-07,3.6e-07,2.5e-07,4e-07,1.0,-1.7603e-12,0.0051579
7.2e-07,2.75e-07,3.6e-07,2.5e-07,4.4e-07,0.8,4.133e-12,0.0030212
7.2e-07,2.75e-07,3.6e-07,2.5e-07,4.4e-07,0.9,-1.1856e-14,0.0039821
7.2e-07,2.75e-07,3.6e-07,2.5e-07,4.4e-07,1.0,-1.6824e-12,0.0051708
7.2e-07,2.75e-07,3.6e-07,2.75e-07,3.6e-07,0.8,4.6741e-12,0.0030151
7.2e-07,2.75e-07,3.6e-07,2.75e-07,3.6e-07,0.9,2.1189e-13,0.0039764
7.2e-07,2.75e-07,3.6e-07,2.75e-07,3.6e-07,1.0,-1.7174e-12,0.0051637
7.2e-07,2.75e-07,3.6e-07,2.75e-07,4e-07,0.8,4.5142e-12,0.0030231
7.2e-07,2.75e-07,3.6e-07,2.75e-07,4e-07,0.9,2.2209e-13,0.0039863
7.2e-07,2.75e-07,3.6e-07,2.75e-07,4e-07,1.0,-1.6117e-12,0.0051766
7.2e-07,2.75e-07,3.6e-07,2.75e-07,4.4e-07,0.8,4.3831e-12,0.0030311
7.2e-07,2.75e-07,3.6e-07,2.75e-07,4.4e-07,0.9,2.2486e-13,0.0039962
7.2e-07,2.75e-07,3.6e-07,2.75e-07,4.4e-07,1.0,-1.5216e-12,0.0051897
7.2e-07,2.75e-07,4e-07,2.25e-07,3.6e-07,0.8,4.0722e-12,0.0029986
7.2e-07,2.75e-07,4e-07,2.25e-07,3.6e-07,0.9,-2.5384e-13,0.0039518
7.2e-07,2.75e-07,4e-07,2.25e-07,3.6e-07,1.0,-1.9791e-12,0.0051311
7.2e-07,2.75e-07,4e-07,2.25e-07,4e-07,0.8,3.9003e-12,0.0030065
7.2e-07,2.75e-07,4e-07,2.25e-07,4e-07,0.9,-2.9822e-13,0.0039616
7.2e-07,2.75e-07,4e-07,2.25e-07,4e-07,1.0,-1.9038e-12,0.0051438
7.2e-07,2.75e-07,4e-07,2.25e-07,4.4e-07,0.8,3.7558e-12,0.0030145
7.2e-07,2.75e-07,4e-07,2.25e-07,4.4e-07,0.9,-3.4361e-13,0.0039714
7.2e-07,2.75e-07,4e-07,2.25e-07,4.4e-07,1.0,-1.843e-12,0.0051566
7.2e-07,2.75e-07,4e-07,2.5e-07,3.6e-07,0.8,4.3483e-12,0.0030084
7.2e-07,2.75e-07,4e-07,2.5e-07,3.6e-07,0.9,2.9821e-15,0.0039659
7.2e-07,2.75e-07,4e-07,2.5e-07,3.6e-07,1.0,-1.82e-12,0.0051497
7.2e-07,2.75e-07,4e-07,2.5e-07,4e-07,0.8,4.1822e-12,0.0030164
7.2e-07,2.75e-07,4e-07,2.5e-07,4e-07,0.9,-1.4353e-14,0.0039757
7.2e-07,2.75e-07,4e-07,2.5e-07,4e-07,1.0,-1.7285e-12,0.0051625
7.2e-07,2.75e-07,4e-07,2.5e-07,4.4e-07,0.8,4.0392e-12,0.0030243
7.2e-07,2.75e-07,4e-07,2.5e-07,4.4e-07,0.9,-3.5913e-14,0.0039856
7.2e-07,2.75e-07,4e-07,2.5e-07,4.4e-07,1.0,-1.6514e-12,0.0051754
7.2e-07,2.75e-07,4e-07,2.75e-07,3.6e-07,0.8,4.5937e-12,0.0030182
7.2e-07,2.75e-07,4e-07,2.75e-07,3.6e-07,0.9,2.0608e-13,0.00398
7.2e-07,2.75e-07,4e-07,2.75e-07,3.6e-07,1.0,-1.683e-12,0.0051683
7.2e-07,2.75e-07,4e-07,2.75e-07,4e-07,0.8,4.4283e-12,0.0030262
7.2e-07,2.75e-07,4e-07,2.75e-07,4e-07,0.9,2.0887e-13,0.0039899
7.2e-07,2.75e-07,4e-07,2.75e-07,4e-07,1.0,-1.5751e-12,0.0051812
7.2e-07,2.75e-07,4e-07,2.75e-07,4.4e-07,0.8,4.2911e-12,0.0030342
7.2e-07,2.75e-07,4e-07,2.75e-07,4.4e-07,0.9,2.0371e-13,0.0039998
7.2e-07,2.75e-07,4e-07,2.75e-07,4.4e-07,1.0,-1.4911e-12,0.0051941
7.2e-07,2.75e-07,4.4e-07,2.25e-07,3.6e-07,0.8,4.002e-12,0.0030017
7.2e-07,2.75e-07,4.4e-07,2.25e-07,3.6e-07,0.9,-2.7059e-13,0.0039554
7.2e-07,2.75e-07,4.4e-07,2.25e-07,3.6e-07,1.0,-1.9558e-12,0.0051357
7.2e-07,2.75e-07,4.4e-07,2.25e-07,4e-07,0.8,3.8268e-12,0.0030096
7.2e-07,2.75e-07,4.4e-07,2.25e-07,4e-07,0.9,-3.1914e-13,0.0039651
7.2e-07,2.75e-07,4.4e-07,2.25e-07,4e-07,1.0,-1.88e-12,0.0051483
7.2e-07,2.75e-07,4.4e-07,2.25e-07,4.4e-07,0.8,3.6753e-12,0.0030175
7.2e-07,2.75e-07,4.4e-07,2.25e-07,4.4e-07,0.9,-3.6724e-13,0.0039749
7.2e-07,2.75e-07,4.4e-07,2.25e-07,4.4e-07,1.0,-1.8171e-12,0.0051612
7.2e-07,2.75e-07,4.4e-07,2.5e-07,3.6e-07,0.8,4.2822e-12,0.0030115
7.2e-07,2.75e-07,4.4e-07,2.5e-07,3.6e-07,0.9,-9.5105e-15,0.0039695
7.2e-07,2.75e-07,4.4e-07,2.5e-07,3.6e-07,1.0,-1.7914e-12,0.0051543
7.2e-07,2.75e-07,4.4e-07,2.5e-07,4e-07,0.8,4.1076e-12,0.0030195
7.2e-07,2.75e-07,4.4e-07,2.5e-07,4e-07,0.9,-3.3595e-14,0.0039793
7.2e-07,2.75e-07,4.4e-07,2.5e-07,4e-07,1.0,-1.7013e-12,0.005167
7.2e-07,2.75e-07,4.4e-07,2.5e-07,4.4e-07,0.8,3.9614e-12,0.0030274
7.2e-07,2.75e-07,4.4e-07,2.5e-07,4.4e-07,0.9,-5.8184e-14,0.0039892
7.2e-07,2.75e-07,4.4e-07,2.5e-07,4.4e-07,1.0,-1.6251e-12,0.0051799
7.2e-07,2.75e-07,4.4e-07,2.75e-07,3.6e-07,0.8,4.523e-12,0.0030213
7.2e-07,2.75e-07,4.4e-07,2.75e-07,3.6e-07,0.9,1.9756e-13,0.0039836
7.2e-07,2.75e-07,4.4e-07,2.75e-07,3.6e-07,1.0,-1.6518e-12,0.0051729
7.2e-07,2.75e-07,4.4e-07,2.75e-07,4e-07,0.8,4.3567e-12,0.0030293
7.2e-07,2.75e-07,4.4e-07,2.75e-07,4e-07,0.9,1.9421e-13,0.0039934
7.2e-07,2.75e-07,4.4e-07,2.75e-07,4e-07,1.0,-1.547e-12,0.0051857
7.2e-07,2.75e-07,4.4e-07,2.75e-07,4.4e-07,0.8,4.2135e-12,0.0030373
7.2e-07,2.75e-07,4.4e-07,2.75e-07,4.4e-07,0.9,1.8488e-13,0.0040033
7.2e-07,2.75e-07,4.4e-07,2.75e-07,4.4e-07,1.0,-1.4613e-12,0.0051987
8e-07,2.25e-07,3.6e-07,2.25e-07,3.6e-07,0.8,4.0919e-12,0.0029951
8e-07,2.25e-07,3.6e-07,2.25e-07,3.6e-07,0.9,-2.7953e-13,0.00395
8e-07,2.25e-07,3.6e-07,2.25e-07,3.6e-07,1.0,-2.0006e-12,0.0051291
8e-07,2.25e-07,3.6e-07,2.25e-07,4e-07,0.8,3.9299e-12,0.003003
8e-07,2.25e-07,3.6e-07,2.25e-07,4e-07,0.9,-3.1435e-13,0.0039598
8e-07,2.25e-07,3.6e-07,2.25e-07,4e-07,1.0,-1.9207e-12,0.0051419
8e-07,2.25e-07,3.6e-07,2.25e-07,4.4e-07,0.8,3.7951e-12,0.0030109
8e-07,2.25e-07,3.6e-07,2.25e-07,4.4e-07,0.9,-3.5351e-13,0.0039696
8e-07,2.25e-07,3.6e-07,2.25e-07,4.4e-07,1.0,-1.8539e-12,0.0051547
8e-07,2.25e-07,3.6e-07,2.5e-07,3.6e-07,0.8,4.3619e-12,0.0030049
8e-07,2.25e-07,3.6e-07,2.5e-07,3.6e-07,0.9,-2.2227e-14,0.0039641
8e-07,2.25e-07,3.6e-07,2.5e-07,3.6e-07,1.0,-1.8428e-12,0.0051478
8e-07,2.25e-07,3.6e-07,2.5e-07,4e-07,0.8,4.206e-12,0.0030129
8e-07,2.25e-07,3.6e-07,2.5e-07,4e-07,0.9,-3.2268e-14,0.003974
8e-07,2.25e-07,3.6e-07,2.5e-07,4e-07,1.0,-1.7448e-12,0.0051606
8e-07,2.25e-07,3.6e-07,2.5e-07,4.4e-07,0.8,4.0749e-12,0.0030208
8e-07,2.25e-07,3.6e-07,2.5e-07,4.4e-07,0.9,-4.7545e-14,0.0039839
8e-07,2.25e-07,3.6e-07,2.5e-07,4.4e-07,1.0,-1.6643e-12,0.0051735
8e-07,2.25e-07,3.6e-07,2.75e-07,3.6e-07,0.8,4.6071e-12,0.0030147
8e-07,2.25e-07,3.6e-07,2.75e-07,3.6e-07,0.9,1.7934e-13,0.0039782
8e-07,2.25e-07,3.6e-07,2.75e-07,3.6e-07,1.0,-1.7089e-12,0.0051664
8e-07,2.25e-07,3.6e-07,2.75e-07,4e-07,0.8,4.4507e-12,0.0030227
8e-07,2.25e-07,3.6e-07,2.75e-07,4e-07,0.9,1.8868e-13,0.0039881
8e-07,2.25e-07,3.6e-07,2.75e-07,4e-07,1.0,-1.5969e-12,0.0051793
8e-07,2.25e-07,3.6e-07,2.75e-07,4.4e-07,0.8,4.323e-12,0.0030307
8e-07,2.25e-07,3.6e-07,2.75e-07,4.4e-07,0.9,1.904e-13,0.003998
8e-07,2.25e-07,3.6e-07,2.75e-07,4.4e-07,1.0,-1.5095e-12,0.0051923
8e-07,2.25e-07,4e-07,2.25e-07,3.6e-07,0.8,4.0121e-12,0.0029982
8e-07,2.25e-07,4e-07,2.25e-07,3.6e-07,0.9,-2.9456e-13,0.0039536
8e-07,2.25e-07,4e-07,2.25e-07,3.6e-07,1.0,-1.9699e-12,0.0051336
8e-07,2.25e-07,4e-07,2.25e-07,4e-07,0.8,3.8458e-12,0.0030061
8e-07,2.25e-07,4e-07,2.25e-07,4e-07,0.9,-3.3457e-13,0.0039633
8e-07,2.25e-07,4e-07,2.25e-07,4e-07,1.0,-1.8903e-12,0.0051463
8e-07,2.25e-07,4e-07,2.25e-07,4.4e-07,0.8,3.7041e-12,0.003014
8e-07,2.25e-07,4e-07,2.25e-07,4.4e-07,0.9,-3.8084e-13,0.0039732
8e-07,2.25e-07,4e-07,2.25e-07,4.4e-07,1.0,-1.8224e-12,0.0051593
8e-07,2.25e-07,4e-07,2.5e-07,3.6e-07,0.8,4.2877e-12,0.003008
8e-07,2.25e-07,4e-07,2.5e-07,3.6e-07,0.9,-3.7855e-14,0.0039677
8e-07,2.25e-07,4e-07,2.5e-07,3.6e-07,1.0,-1.8108e-12,0.0051523
8e-07,2.25e-07,4e-07,2.5e-07,4e-07,0.8,4.1237e-12,0.003016
8e-07,2.25e-07,4e-07,2.5e-07,4e-07,0.9,-5.3632e-14,0.0039775
8e-07,2.25e-07,4e-07,2.5e-07,4e-07,1.0,-1.7154e-12,0.0051651
8e-07,2.25e-07,4e-07,2.5e-07,4.4e-07,0.8,3.9859e-12,0.0030239
8e-07,2.25e-07,4e-07,2.5e-07,4.4e-07,0.9,-7.377e-14,0.0039874
8e-07,2.25e-07,4e-07,2.5e-07,4.4e-07,1.0,-1.6374e-12,0.005178
8e-07,2.25e-07,4e-07,2.75e-07,3.6e-07,0.8,4.5264e-12,0.0030178
8e-07,2.25e-07,4e-07,2.75e-07,3.6e-07,0.9,1.6982e-13,0.0039818
8e-07,2.25e-07,4e-07,2.75e-07,3.6e-07,1.0,-1.6765e-12,0.0051709
8e-07,2.25e-07,4e-07,2.75e-07,4e-07,0.8,4.3679e-12,0.0030258
8e-07,2.25e-07,4e-07,2.75e-07,4e-07,0.9,1.7296e-13,0.0039916
8e-07,2.25e-07,4e-07,2.75e-07,4e-07,1.0,-1.5666e-12,0.0051837
8e-07,2.25e-07,4e-07,2.75e-07,4.4e-07,0.8,4.2341e-12,0.0030338
8e-07,2.25e-07,4e-07,2.75e-07,4.4e-07,0.9,1.6852e-13,0.0040015
8e-07,2.25e-07,4e-07,2.75e-07,4.4e-07,1.0,-1.4768e-12,0.0051967
8e-07,2.25e-07,4.4e-07,2.25e-07,3.6e-07,0.8,3.9468e-12,0.0030012
8e-07,2.25e-07,4.4e-07,2.25e-07,3.6e-07,0.9,-3.1165e-13,0.0039571
8e-07,2.25e-07,4.4e-07,2.25e-07,3.6e-07,1.0,-1.9408e-12,0.0051382
8e-07,2.25e-07,4.4e-07,2.25e-07,4e-07,0.8,3.7731e-12,0.0030092
8e-07,2.25e-07,4.4e-07,2.25e-07,4e-07,0.9,-3.5639e-13,0.0039669
8e-07,2.25e-07,4.4e-07,2.25e-07,4e-07,1.0,-1.8652e-12,0.0051509
8e-07,2.25e-07,4.4e-07,2.25e-07,4.4e-07,0.8,3.6245e-12,0.0030171
8e-07,2.25e-07,4.4e-07,2.25e-07,4.4e-07,0.9,-4.0517e-13,0.0039767
8e-07,2.25e-07,4.4e-07,2.25e-07,4.4e-07,1.0,-1.8034e-12,0.0051638
8e-07,2.25e-07,4.4e-07,2.5e-07,3.6e-07,0.8,4.223e-12,0.003011
8e-07,2.25e-07,4.4e-07,2.5e-07,3.6e-07,0.9,-4.7602e-14,0.0039713
8e-07,2.25e-07,4.4e-07,2.5e-07,3.6e-07,1.0,-1.7818e-12,0.0051568
8e-07,2.25e-07,4.4e-07,2.5e-07,4e-07,0.8,4.0543e-12,0.003019
8e-07,2.25e-07,4.4e-07,2.5e-07,4e-07,0.9,-7.1086e-14,0.0039811
8e-07,2.25e-07,4.4e-07,2.5e-07,4e-07,1.0,-1.6901e-12,0.0051696
8e-07,2.25e-07,4.4e-07,2.5e-07,4.4e-07,0.8,3.9098e-12,0.003027
8e-07,2.25e-07,4.4e-07,2.5e-07,4.4e-07,0.9,-9.3301e-14,0.0039909
8e-07,2.25e-07,4.4e-07,2.5e-07,4.4e-07,1.0,-1.6128e-12,0.0051824
8e-07,2.25e-07,4.4e-07,2.75e-07,3.6e-07,0.8,4.4625e-12,0.0030209
8e-07,2.25e-07,4.4e-07,2.75e-07,3.6e-07,0.9,1.6172e-13,0.0039854
8e-07,2.25e-07,4.4e-07,2.75e-07,3.6e-07,1.0,-1.6444e-12,0.0051754
8e-07,2.25e-07,4.4e-07,2.75e-07,4e-07,0.8,4.2993e-12,0.0030289
8e-07,2.25e-07,4.4e-07,2.75e-07,4e-07,0.9,1.593e-13,0.0039952
8e-07,2.25e-07,4.4e-07,2.75e-07,4e-07,1.0,-1.539e-12,0.0051882
8e-07,2.25e-07,4.4e-07,2.75e-07,4.4e-07,0.8,4.1585e-12,0.0030369
8e-07,2.25e-07,4.4e-07,2.75e-07,4.4e-07,0.9,1.5011e-13,0.0040051
8e-07,2.25e-07,4.4e-07,2.75e-07,4.4e-07,1.0,-1.4509e-12,0.0052012
8e-07,2.5e-07,3.6e-07,2.25e-07,3.6e-07,0.8,4.1117e-12,0.0029961
8e-07,2.5e-07,3.6e-07,2.25e-07,3.6e-07,0.9,-2.6301e-13,0.0039514
8e-07,2.5e-07,3.6e-07,2.25e-07,3.6e-07,1.0,-2.0103e-12,0.0051308
8e-07,2.5e-07,3.6e-07,2.25e-07,4e-07,0.8,3.9484e-12,0.003004
8e-07,2.5e-07,3.6e-07,2.25e-07,4e-07,0.9,-2.9756e-13,0.0039612
8e-07,2.5e-07,3.6e-07,2.25e-07,4e-07,1.0,-1.9297e-12,0.0051436
8e-07,2.5e-07,3.6e-07,2.25e-07,4.4e-07,0.8,3.8122e-12,0.0030119
8e-07,2.5e-07,3.6e-07,2.25e-07,4.4e-07,0.9,-3.3475e-13,0.003971
8e-07,2.5e-07,3.6e-07,2.25e-07,4.4e-07,1.0,-1.8641e-12,0.0051564
8e-07,2.5e-07,3.6e-07,2.5e-07,3.6e-07,0.8,4.3839e-12,0.0030059
8e-07,2.5e-07,3.6e-07,2.5e-07,3.6e-07,0.9,-3.9905e-15,0.0039655
8e-07,2.5e-07,3.6e-07,2.5e-07,3.6e-07,1.0,-1.8493e-12,0.0051495
8e-07,2.5e-07,3.6e-07,2.5e-07,4e-07,0.8,4.2271e-12,0.0030139
8e-07,2.5e-07,3.6e-07,2.5e-07,4e-07,0.9,-1.5863e-14,0.0039753
8e-07,2.5e-07,3.6e-07,2.5e-07,4e-07,1.0,-1.7516e-12,0.0051623
8e-07,2.5e-07,3.6e-07,2.5e-07,4.4e-07,0.8,4.0931e-12,0.0030218
8e-07,2.5e-07,3.6e-07,2.5e-07,4.4e-07,0.9,-3.3151e-14,0.0039852
8e-07,2.5e-07,3.6e-07,2.5e-07,4.4e-07,1.0,-1.6728e-12,0.0051752
8e-07,2.5e-07,3.6e-07,2.75e-07,3.6e-07,0.8,4.6318e-12,0.0030157
8e-07,2.5e-07,3.6e-07,2.75e-07,3.6e-07,0.9,1.9382e-13,0.0039796
8e-07,2.5e-07,3.6e-07,2.75e-07,3.6e-07,1.0,-1.713e-12,0.0051681
8e-07,2.5e-07,3.6e-07,2.75e-07,4e-07,0.8,4.4713e-12,0.0030237
8e-07,2.5e-07,3.6e-07,2.75e-07,4e-07,0.9,2.0411e-13,0.0039895
8e-07,2.5e-07,3.6e-07,2.75e-07,4e-07,1.0,-1.6032e-12,0.005181
8e-07,2.5e-07,3.6e-07,2.75e-07,4.4e-07,0.8,4.3428e-12,0.0030317
8e-07,2.5e-07,3.6e-07,2.75e-07,4.4e-07,0.9,2.0598e-13,0.0039994
8e-07,2.5e-07,3.6e-07,2.75e-07,4.4e-07,1.0,-1.5146e-12,0.005194
8e-07,2.5e-07,4e-07,2.25e-07,3.6e-07,0.8,4.0334e-12,0.0029992
8e-07,2.5e-07,4e-07,2.25e-07,3.6e-07,0.9,-2.7713e-13,0.003955
8e-07,2.5e-07,4e-07,2.25e-07,3.6e-07,1.0,-1.9739e-12,0.0051354
8e-07,2.5e-07,4e-07,2.25e-07,4e-07,0.8,3.8646e-12,0.0030071
8e-07,2.5e-07,4e-07,2.25e-07,4e-07,0.9,-3.1886e-13,0.0039647
8e-07,2.5e-07,4e-07,2.25e-07,4e-07,1.0,-1.8965e-12,0.0051481
8e-07,2.5e-07,4e-07,2.25e-07,4.4e-07,0.8,3.7202e-12,0.003015
8e-07,2.5e-07,4e-07,2.25e-07,4.4e-07,0.9,-3.6316e-13,0.0039745
8e-07,2.5e-07,4e-07,2.25e-07,4.4e-07,1.0,-1.8314e-12,0.005161
8e-07,2.5e-07,4e-07,2.5e-07,3.6e-07,0.8,4.3079e-12,0.003009
8e-07,2.5e-07,4e-07,2.5e-07,3.6e-07,0.9,-2.0105e-14,0.0039691
8e-07,2.5e-07,4e-07,2.5e-07,3.6e-07,1.0,-1.8147e-12,0.005154
8e-07,2.5e-07,4e-07,2.5e-07,4e-07,0.8,4.1432e-12,0.003017
8e-07,2.5e-07,4e-07,2.5e-07,4e-07,0.9,-3.5543e-14,0.0039789
8e-07,2.5e-07,4e-07,2.5e-07,4e-07,1.0,-1.7208e-12,0.0051668
8e-07,2.5e-07,4e-07,2.5e-07,4.4e-07,0.8,4.002e-12,0.0030249
8e-07,2.5e-07,4e-07,2.5e-07,4.4e-07,0.9,-5.624e-14,0.0039888
8e-07,2.5e-07,4e-07,2.5e-07,4.4e-07,1.0,-1.6439e-12,0.0051797
8e-07,2.5e-07,4e-07,2.75e-07,3.6e-07,0.8,4.5483e-12,0.0030188
8e-07,2.5e-07,4e-07,2.75e-07,3.6e-07,0.9,1.8572e-13,0.0039832
8e-07,2.5e-07,4e-07,2.75e-07,3.6e-07,1.0,-1.6797e-12,0.0051727
8e-07,2.5e-07,4e-07,2.75e-07,4e-07,0.8,4.3877e-12,0.0030268
8e-07,2.5e-07,4e-07,2.75e-07,4e-07,0.9,1.8761e-13,0.003993
8e-07,2.5e-07,4e-07,2.75e-07,4e-07,1.0,-1.5676e-12,0.0051855
8e-07,2.5e-07,4e-07,2.75e-07,4.4e-07,0.8,4.2531e-12,0.0030348
8e-07,2.5e-07,4e-07,2.75e-07,4.4e-07,0.9,1.8453e-13,0.0040029
8e-07,2.5e-07,4e-07,2.75e-07,4.4e-07,1.0,-1.4826e-12,0.0051985
8e-07,2.5e-07,4.4e-07,2.25e-07,3.6e-07,0.8,3.965e-12,0.0030022
8e-07,2.5e-07,4.4e-07,2.25e-07,3.6e-07,0.9,-2.9302e-13,0.0039586
8e-07,2.5e-07,4.4e-07,2.25e-07,3.6e-07,1.0,-1.948e-12,0.0051399
8e-07,2.5e-07,4.4e-07,2.25e-07,4e-07,0.8,3.7905e-12,0.0030102
8e-07,2.5e-07,4.4e-07,2.25e-07,4e-07,0.9,-3.3994e-13,0.0039683
8e-07,2.5e-07,4.4e-07,2.25e-07,4e-07,1.0,-1.8716e-12,0.0051526
8e-07,2.5e-07,4.4e-07,2.25e-07,4.4e-07,0.8,3.6409e-12,0.0030181
8e-07,2.5e-07,4.4e-07,2.25e-07,4.4e-07,0.9,-3.8556e-13,0.0039781
8e-07,2.5e-07,4.4e-07,2.25e-07,4.4e-07,1.0,-1.8103e-12,0.0051655
8e-07,2.5e-07,4.4e-07,2.5e-07,3.6e-07,0.8,4.2427e-12,0.0030121
8e-07,2.5e-07,4.4e-07,2.5e-07,3.6e-07,0.9,-3.1324e-14,0.0039727
8e-07,2.5e-07,4.4e-07,2.5e-07,3.6e-07,1.0,-1.7864e-12,0.0051586
8e-07,2.5e-07,4.4e-07,2.5e-07,4e-07,0.8,4.0701e-12,0.0030201
8e-07,2.5e-07,4.4e-07,2.5e-07,4e-07,0.9,-5.5363e-14,0.0039825
8e-07,2.5e-07,4.4e-07,2.5e-07,4e-07,1.0,-1.6927e-12,0.0051713
8e-07,2.5e-07,4.4e-07,2.5e-07,4.4e-07,0.8,3.9247e-12,0.003028
8e-07,2.5e-07,4.4e-07,2.5e-07,4.4e-07,0.9,-7.8815e-14,0.0039923
8e-07,2.5e-07,4.4e-07,2.5e-07,4.4e-07,1.0,-1.6182e-12,0.0051843
8e-07,2.5e-07,4.4e-07,2.75e-07,3.6e-07,0.8,4.4822e-12,0.0030219
8e-07,2.5e-07,4.4e-07,2.75e-07,3.6e-07,0.9,1.7683e-13,0.0039868
8e-07,2.5e-07,4.4e-07,2.75e-07,3.6e-07,1.0,-1.6487e-12,0.0051772
8e-07,2.5e-07,4.4e-07,2.75e-07,4e-07,0.8,4.3174e-12,0.0030299
8e-07,2.5e-07,4.4e-07,2.75e-07,4e-07,0.9,1.7416e-13,0.0039966
8e-07,2.5e-07,4.4e-07,2.75e-07,4e-07,1.0,-1.5412e-12,0.00519
8e-07,2.5e-07,4.4e-07,2.75e-07,4.4e-07,0.8,4.1774e-12,0.0030379
8e-07,2.5e-07,4.4e-07,2.75e-07,4.4e-07,0.9,1.6446e-13,0.0040065
8e-07,2.5e-07,4.4e-07,2.75e-07,4.4e-07,1.0,-1.4568e-12,0.005203
8e-07,2.75e-07,3.6e-07,2.25e-07,3.6e-07,0.8,4.1336e-12,0.0029971
8e-07,2.75e-07,3.6e-07,2.25e-07,3.6e-07,0.9,-2.428e-13,0.0039528
8e-07,2.75e-07,3.6e-07,2.25e-07,3.6e-07,1.0,-2.0167e-12,0.0051325
8e-07,2.75e-07,3.6e-07,2.25e-07,4e-07,0.8,3.9674e-12,0.003005
8e-07,2.75e-07,3.6e-07,2.25e-07,4e-07,0.9,-2.7908e-13,0.0039626
8e-07,2.75e-07,3.6e-07,2.25e-07,4e-07,1.0,-1.9389e-12,0.0051453
8e-07,2.75e-07,3.6e-07,2.25e-07,4.4e-07,0.8,3.8291e-12,0.0030129
8e-07,2.75e-07,3.6e-07,2.25e-07,4.4e-07,0.9,-3.1743e-13,0.0039724
8e-07,2.75e-07,3.6e-07,2.25e-07,4.4e-07,1.0,-1.8734e-12,0.0051581
8e-07,2.75e-07,3.6e-07,2.5e-07,3.6e-07,0.8,4.4067e-12,0.0030069
8e-07,2.75e-07,3.6e-07,2.5e-07,3.6e-07,0.9,1.1106e-14,0.0039669
8e-07,2.75e-07,3.6e-07,2.5e-07,3.6e-07,1.0,-1.8566e-12,0.0051512
8e-07,2.75e-07,3.6e-07,2.5e-07,4e-07,0.8,4.2476e-12,0.0030149
8e-07,2.75e-07,3.6e-07,2.5e-07,4e-07,0.9,6.3576e-16,0.0039768
8e-07,2.75e-07,3.6e-07,2.5e-07,4e-07,1.0,-1.7587e-12,0.005164
8e-07,2.75e-07,3.6e-07,2.5e-07,4.4e-07,0.8,4.1128e-12,0.0030228
8e-07,2.75e-07,3.6e-07,2.5e-07,4.4e-07,0.9,-1.6974e-14,0.0039866
8e-07,2.75e-07,3.6e-07,2.5e-07,4.4e-07,1.0,-1.6802e-12,0.0051769
8e-07,2.75e-07,3.6e-07,2.75e-07,3.6e-07,0.8,4.6535e-12,0.0030167
8e-07,2.75e-07,3.6e-07,2.75e-07,3.6e-07,0.9,2.0464e-13,0.003981
8e-07,2.75e-07,3.6e-07,2.75e-07,3.6e-07,1.0,-1.7166e-12,0.0051698
8e-07,2.75e-07,3.6e-07,2.75e-07,4e-07,0.8,4.4935e-12,0.0030247
8e-07,2.75e-07,3.6e-07,2.75e-07,4e-07,0.9,2.1532e-13,0.0039909
8e-07,2.75e-07,3.6e-07,2.75e-07,4e-07,1.0,-1.6104e-12,0.0051827
8e-07,2.75e-07,3.6e-07,2.75e-07,4.4e-07,0.8,4.3627e-12,0.0030327
8e-07,2.75e-07,3.6e-07,2.75e-07,4.4e-07,0.9,2.1848e-13,0.0040008
8e-07,2.75e-07,3.6e-07,2.75e-07,4.4e-07,1.0,-1.5201e-12,0.0051957
8e-07,2.75e-07,4e-07,2.25e-07,3.6e-07,0.8,4.0527e-12,0.0030002
8e-07,2.75e-07,4e-07,2.25e-07,3.6e-07,0.9,-2.592e-13,0.0039564
8e-07,2.75e-07,4e-07,2.25e-07,3.6e-07,1.0,-1.9777e-12,0.0051372
8e-07,2.75e-07,4e-07,2.25e-07,4e-07,0.8,3.8807e-12,0.0030081
8e-07,2.75e-07,4e-07,2.25e-07,4e-07,0.9,-3.0248e-13,0.0039661
8e-07,2.75e-07,4e-07,2.25e-07,4e-07,1.0,-1.9017e-12,0.0051499
8e-07,2.75e-07,4e-07,2.25e-07,4.4e-07,0.8,3.7358e-12,0.003016
8e-07,2.75e-07,4e-07,2.25e-07,4.4e-07,0.9,-3.4654e-13,0.0039759
8e-07,2.75e-07,4e-07,2.25e-07,4.4e-07,1.0,-1.8403e-12,0.0051627
8e-07,2.75e-07,4e-07,2.5e-07,3.6e-07,0.8,4.3283e-12,0.00301
8e-07,2.75e-07,4e-07,2.5e-07,3.6e-07,0.9,-3.0165e-15,0.0039705
8e-07,2.75e-07,4e-07,2.5e-07,3.6e-07,1.0,-1.819e-12,0.0051558
8e-07,2.75e-07,4e-07,2.5e-07,4e-07,0.8,4.1624e-12,0.003018
8e-07,2.75e-07,4e-07,2.5e-07,4e-07,0.9,-1.9524e-14,0.0039803
8e-07,2.75e-07,4e-07,2.5e-07,4e-07,1.0,-1.7269e-12,0.0051685
8e-07,2.75e-07,4e-07,2.5e-07,4.4e-07,0.8,4.0189e-12,0.003026
8e-07,2.75e-07,4e-07,2.5e-07,4.4e-07,0.9,-4.0756e-14,0.0039902
8e-07,2.75e-07,4e-07,2.5e-07,4.4e-07,1.0,-1.6495e-12,0.0051815
8e-07,2.75e-07,4e-07,2.75e-07,3.6e-07,0.8,4.5739e-12,0.0030198
8e-07,2.75e-07,4e-07,2.75e-07,3.6e-07,0.9,1.9944e-13,0.0039846
8e-07,2.75e-07,4e-07,2.75e-07,3.6e-07,1.0,-1.6823e-12,0.0051744
8e-07,2.75e-07,4e-07,2.75e-07,4e-07,0.8,4.4081e-12,0.0030278
8e-07,2.75e-07,4e-07,2.75e-07,4e-07,0.9,2.0238e-13,0.0039944
8e-07,2.75e-07,4e-07,2.75e-07,4e-07,1.0,-1.5741e-12,0.0051872
8e-07,2.75e-07,4e-07,2.75e-07,4.4e-07,0.8,4.271e-12,0.0030358
8e-07,2.75e-07,4e-07,2.75e-07,4.4e-07,0.9,1.9777e-13,0.0040044
8e-07,2.75e-07,4e-07,2.75e-07,4.4e-07,1.0,-1.4897e-12,0.0052001
8e-07,2.75e-07,4.4e-07,2.25e-07,3.6e-07,0.8,3.983e-12,0.0030033
8e-07,2.75e-07,4.4e-07,2.25e-07,3.6e-07,0.9,-2.7547e-13,0.00396
8e-07,2.75e-07,4.4e-07,2.25e-07,3.6e-07,1.0,-1.9545e-12,0.0051417
8e-07,2.75e-07,4.4e-07,2.25e-07,4e-07,0.8,3.8076e-12,0.0030112
8e-07,2.75e-07,4.4e-07,2.25e-07,4e-07,0.9,-3.2327e-13,0.0039697
8e-07,2.75e-07,4.4e-07,2.25e-07,4e-07,1.0,-1.878e-12,0.0051544
8e-07,2.75e-07,4.4e-07,2.25e-07,4.4e-07,0.8,3.6559e-12,0.0030191
8e-07,2.75e-07,4.4e-07,2.25e-07,4.4e-07,0.9,-3.6993e-13,0.0039795
8e-07,2.75e-07,4.4e-07,2.25e-07,4.4e-07,1.0,-1.8148e-12,0.0051673
8e-07,2.75e-07,4.4e-07,2.5e-07,3.6e-07,0.8,4.2625e-12,0.0030131
8e-07,2.75e-07,4.4e-07,2.5e-07,3.6e-07,0.9,-1.5528e-14,0.0039741
8e-07,2.75e-07,4.4e-07,2.5e-07,3.6e-07,1.0,-1.7904e-12,0.0051603
8e-07,2.75e-07,4.4e-07,2.5e-07,4e-07,0.8,4.0877e-12,0.0030211
8e-07,2.75e-07,4.4e-07,2.5e-07,4e-07,0.9,-3.8972e-14,0.0039839
8e-07,2.75e-07,4.4e-07,2.5e-07,4e-07,1.0,-1.7e-12,0.0051731
8e-07,2.75e-07,4.4e-07,2.5e-07,4.4e-07,0.8,3.9415e-12,0.003029
8e-07,2.75e-07,4.4e-07,2.5e-07,4.4e-07,0.9,-6.2681e-14,0.0039937
8e-07,2.75e-07,4.4e-07,2.5e-07,4.4e-07,1.0,-1.6233e-12,0.005186
8e-07,2.75e-07,4.4e-07,2.75e-07,3.6e-07,0.8,4.5032e-12,0.0030229
8e-07,2.75e-07,4.4e-07,2.75e-07,3.6e-07,0.9,1.9115e-13,0.0039882
8e-07,2.75e-07,4.4e-07,2.75e-07,3.6e-07,1.0,-1.6512e-12,0.005179
8e-07,2.75e-07,4.4e-07,2.75e-07,4e-07,0.8,4.3367e-12,0.0030309
8e-07,2.75e-07,4.4e-07,2.75e-07,4e-07,0.9,1.8795e-13,0.003998
8e-07,2.75e-07,4.4e-07,2.75e-07,4e-07,1.0,-1.5459e-12,0.0051917
8e-07,2.75e-07,4.4e-07,2.75e-07,4.4e-07,0.8,4.1927e-12,0.0030389
8e-07,2.75e-07,4.4e-07,2.75e-07,4.4e-07,0.9,1.7906e-13,0.0040079
8e-07,2.75e-07,4.4e-07,2.75e-07,4.4e-07,1.0,-1.4599e-12,0.0052047
8.8e-07,2.25e-07,3.6e-07,2.25e-07,3.6e-07,0.8,4.0746e-12,0.0029966
8.8e-07,2.25e-07,3.6e-07,2.25e-07,3.6e-07,0.9,-2.8439e-13,0.0039542
8.8e-07,2.25e-07,3.6e-07,2.25e-07,3.6e-07,1.0,-1.9995e-12,0.0051344
8.8e-07,2.25e-07,3.6e-07,2.25e-07,4e-07,0.8,3.9124e-12,0.0030045
8.8e-07,2.25e-07,3.6e-07,2.25e-07,4e-07,0.9,-3.1809e-13,0.0039639
8.8e-07,2.25e-07,3.6e-07,2.25e-07,4e-07,1.0,-1.9193e-12,0.0051471
8.8e-07,2.25e-07,3.6e-07,2.25e-07,4.4e-07,0.8,3.7773e-12,0.0030124
8.8e-07,2.25e-07,3.6e-07,2.25e-07,4.4e-07,0.9,-3.5601e-13,0.0039738
8.8e-07,2.25e-07,3.6e-07,2.25e-07,4.4e-07,1.0,-1.8522e-12,0.00516
8.8e-07,2.25e-07,3.6e-07,2.5e-07,3.6e-07,0.8,4.3445e-12,0.0030064
8.8e-07,2.25e-07,3.6e-07,2.5e-07,3.6e-07,0.9,-2.7522e-14,0.0039683
8.8e-07,2.25e-07,3.6e-07,2.5e-07,3.6e-07,1.0,-1.8421e-12,0.005153
8.8e-07,2.25e-07,3.6e-07,2.5e-07,4e-07,0.8,4.1883e-12,0.0030144
8.8e-07,2.25e-07,3.6e-07,2.5e-07,4e-07,0.9,-3.704e-14,0.0039781
8.8e-07,2.25e-07,3.6e-07,2.5e-07,4e-07,1.0,-1.7438e-12,0.0051658
8.8e-07,2.25e-07,3.6e-07,2.5e-07,4.4e-07,0.8,4.0572e-12,0.0030223
8.8e-07,2.25e-07,3.6e-07,2.5e-07,4.4e-07,0.9,-5.2089e-14,0.003988
8.8e-07,2.25e-07,3.6e-07,2.5e-07,4.4e-07,1.0,-1.6629e-12,0.0051788
8.8e-07,2.25e-07,3.6e-07,2.75e-07,3.6e-07,0.8,4.5891e-12,0.0030162
8.8e-07,2.25e-07,3.6e-07,2.75e-07,3.6e-07,0.9,1.7338e-13,0.0039824
8.8e-07,2.25e-07,3.6e-07,2.75e-07,3.6e-07,1.0,-1.7083e-12,0.0051716
8.8e-07,2.25e-07,3.6e-07,2.75e-07,4e-07,0.8,4.4327e-12,0.0030242
8.8e-07,2.25e-07,3.6e-07,2.75e-07,4e-07,0.9,1.8279e-13,0.0039923
8.8e-07,2.25e-07,3.6e-07,2.75e-07,4e-07,1.0,-1.5961e-12,0.0051845
8.8e-07,2.25e-07,3.6e-07,2.75e-07,4.4e-07,0.8,4.3046e-12,0.0030322
8.8e-07,2.25e-07,3.6e-07,2.75e-07,4.4e-07,0.9,1.8506e-13,0.0040022
8.8e-07,2.25e-07,3.6e-07,2.75e-07,4.4e-07,1.0,-1.5084e-12,0.0051975
8.8e-07,2.25e-07,4e-07,2.25e-07,3.6e-07,0.8,3.9951e-12,0.0029997
8.8e-07,2.25e-07,4e-07,2.25e-07,3.6e-07,0.9,-2.9919e-13,0.0039578
8.8e-07,2.25e-07,4e-07,2.25e-07,3.6e-07,1.0,-1.9689e-12,0.0051389
8.8e-07,2.25e-07,4e-07,2.25e-07,4e-07,0.8,3.8283e-12,0.0030076
8.8e-07,2.25e-07,4e-07,2.25e-07,4e-07,0.9,-3.3831e-13,0.0039675
8.8e-07,2.25e-07,4e-07,2.25e-07,4e-07,1.0,-1.889e-12,0.0051516
8.8e-07,2.25e-07,4e-07,2.25e-07,4.4e-07,0.8,3.6864e-12,0.0030155
8.8e-07,2.25e-07,4e-07,2.25e-07,4.4e-07,0.9,-3.8376e-13,0.0039773
8.8e-07,2.25e-07,4e-07,2.25e-07,4.4e-07,1.0,-1.8205e-12,0.0051646
8.8e-07,2.25e-07,4e-07,2.5e-07,3.6e-07,0.8,4.2703e-12,0.0030095
8.8e-07,2.25e-07,4e-07,2.5e-07,3.6e-07,0.9,-4.3217e-14,0.0039719
8.8e-07,2.25e-07,4e-07,2.5e-07,3.6e-07,1.0,-1.8101e-12,0.0051576
8.8e-07,2.25e-07,4e-07,2.5e-07,4e-07,0.8,4.1067e-12,0.0030175
8.8e-07,2.25e-07,4e-07,2.5e-07,4e-07,0.9,-5.8593e-14,0.0039817
8.8e-07,2.25e-07,4e-07,2.5e-07,4e-07,1.0,-1.7145e-12,0.0051703
8.8e-07,2.25e-07,4e-07,2.5e-07,4.4e-07,0.8,3.9678e-12,0.0030254
8.8e-07,2.25e-07,4e-07,2.5e-07,4.4e-07,0.9,-7.8132e-14,0.0039916
8.8e-07,2.25e-07,4e-07,2.5e-07,4.4e-07,1.0,-1.6363e-12,0.0051833
8.8e-07,2.25e-07,4e-07,2.75e-07,3.6e-07,0.8,4.509e-12,0.0030193
8.8e-07,2.25e-07,4e-07,2.75e-07,3.6e-07,0.9,1.6419e-13,0.0039859
8.8e-07,2.25e-07,4e-07,2.75e-07,3.6e-07,1.0,-1.6762e-12,0.0051762
8.8e-07,2.25e-07,4e-07,2.75e-07,4e-07,0.8,4.3503e-12,0.0030273
8.8e-07,2.25e-07,4e-07,2.75e-07,4e-07,0.9,1.6732e-13,0.0039958
8.8e-07,2.25e-07,4e-07,2.75e-07,4e-07,1.0,-1.5658e-12,0.005189
8.8e-07,2.25e-07,4e-07,2.75e-07,4.4e-07,0.8,4.2155e-12,0.0030353
8.8e-07,2.25e-07,4e-07,2.75e-07,4.4e-07,0.9,1.6324e-13,0.0040057
8.8e-07,2.25e-07,4e-07,2.75e-07,4.4e-07,1.0,-1.4759e-12,0.0052019
8.8e-07,2.25e-07,4.4e-07,2.25e-07,3.6e-07,0.8,3.9299e-12,0.0030027
8.8e-07,2.25e-07,4.4e-07,2.25e-07,3.6e-07,0.9,-3.1577e-13,0.0039613
8.8e-07,2.25e-07,4.4e-07,2.25e-07,3.6e-07,1.0,-1.94e-12,0.0051434
8.8e-07,2.25e-07,4.4e-07,2.25e-07,4e-07,0.8,3.7558e-12,0.0030107
8.8e-07,2.25e-07,4.4e-07,2.25e-07,4e-07,0.9,-3.5992e-13,0.003971
8.8e-07,2.25e-07,4.4e-07,2.25e-07,4e-07,1.0,-1.864e-12,0.0051561
8.8e-07,2.25e-07,4.4e-07,2.25e-07,4.4e-07,0.8,3.6073e-12,0.0030186
8.8e-07,2.25e-07,4.4e-07,2.25e-07,4.4e-07,0.9,-4.0779e-13,0.0039808
8.8e-07,2.25e-07,4.4e-07,2.25e-07,4.4e-07,1.0,-1.8017e-12,0.0051691
8.8e-07,2.25e-07,4.4e-07,2.5e-07,3.6e-07,0.8,4.2056e-12,0.0030126
8.8e-07,2.25e-07,4.4e-07,2.5e-07,3.6e-07,0.9,-5.2877e-14,0.0039755
8.8e-07,2.25e-07,4.4e-07,2.5e-07,3.6e-07,1.0,-1.7813e-12,0.0051621
8.8e-07,2.25e-07,4.4e-07,2.5e-07,4e-07,0.8,4.0366e-12,0.0030205
8.8e-07,2.25e-07,4.4e-07,2.5e-07,4e-07,0.9,-7.5971e-14,0.0039852
8.8e-07,2.25e-07,4.4e-07,2.5e-07,4e-07,1.0,-1.6892e-12,0.0051748
8.8e-07,2.25e-07,4.4e-07,2.5e-07,4.4e-07,0.8,3.8913e-12,0.0030285
8.8e-07,2.25e-07,4.4e-07,2.5e-07,4.4e-07,0.9,-9.7379e-14,0.0039951
8.8e-07,2.25e-07,4.4e-07,2.5e-07,4.4e-07,1.0,-1.6117e-12,0.0051877
8.8e-07,2.25e-07,4.4e-07,2.75e-07,3.6e-07,0.8,4.4451e-12,0.0030224
8.8e-07,2.25e-07,4.4e-07,2.75e-07,3.6e-07,0.9,1.5579e-13,0.0039895
8.8e-07,2.25e-07,4.4e-07,2.75e-07,3.6e-07,1.0,-1.644e-12,0.0051807
8.8e-07,2.25e-07,4.4e-07,2.75e-07,4e-07,0.8,4.2818e-12,0.0030304
8.8e-07,2.25e-07,4.4e-07,2.75e-07,4e-07,0.9,1.5388e-13,0.0039994
8.8e-07,2.25e-07,4.4e-07,2.75e-07,4e-07,1.0,-1.5385e-12,0.0051934
8.8e-07,2.25e-07,4.4e-07,2.75e-07,4.4e-07,0.8,4.1402e-12,0.0030384
8.8e-07,2.25e-07,4.4e-07,2.75e-07,4.4e-07,0.9,1.4501e-13,0.0040093
8.8e-07,2.25e-07,4.4e-07,2.75e-07,4.4e-07,1.0,-1.4502e-12,0.0052065
8.8e-07,2.5e-07,3.6e-07,2.25e-07,3.6e-07,0.8,4.094e-12,0.0029976
8.8e-07,2.5e-07,3.6e-07,2.25e-07,3.6e-07,0.9,-2.6762e-13,0.0039556
8.8e-07,2.5e-07,3.6e-07,2.25e-07,3.6e-07,1.0,-2.0092e-12,0.0051361
8.8e-07,2.5e-07,3.6e-07,2.25e-07,4e-07,0.8,3.931e-12,0.0030055
8.8e-07,2.5e-07,3.6e-07,2.25e-07,4e-07,0.9,-3.0175e-13,0.0039653
8.8e-07,2.5e-07,3.6e-07,2.25e-07,4e-07,1.0,-1.9281e-12,0.0051489
8.8e-07,2.5e-07,3.6e-07,2.25e-07,4.4e-07,0.8,3.7943e-12,0.0030134
8.8e-07,2.5e-07,3.6e-07,2.25e-07,4.4e-07,0.9,-3.3801e-13,0.0039752
8.8e-07,2.5e-07,3.6e-07,2.25e-07,4.4e-07,1.0,-1.8621e-12,0.0051617
8.8e-07,2.5e-07,3.6e-07,2.5e-07,3.6e-07,0.8,4.3666e-12,0.0030074
8.8e-07,2.5e-07,3.6e-07,2.5e-07,3.6e-07,0.9,-9.8239e-15,0.0039696
8.8e-07,2.5e-07,3.6e-07,2.5e-07,3.6e-07,1.0,-1.8484e-12,0.0051548
8.8e-07,2.5e-07,3.6e-07,2.5e-07,4e-07,0.8,4.2097e-12,0.0030154
8.8e-07,2.5e-07,3.6e-07,2.5e-07,4e-07,0.9,-2.0978e-14,0.0039795
8.8e-07,2.5e-07,3.6e-07,2.5e-07,4e-07,1.0,-1.7505e-12,0.0051675
8.8e-07,2.5e-07,3.6e-07,2.5e-07,4.4e-07,0.8,4.0752e-12,0.0030233
8.8e-07,2.5e-07,3.6e-07,2.5e-07,4.4e-07,0.9,-3.7982e-14,0.0039894
8.8e-07,2.5e-07,3.6e-07,2.5e-07,4.4e-07,1.0,-1.6713e-12,0.0051805
8.8e-07,2.5e-07,3.6e-07,2.75e-07,3.6e-07,0.8,4.6138e-12,0.0030172
8.8e-07,2.5e-07,3.6e-07,2.75e-07,3.6e-07,0.9,1.8774e-13,0.0039837
8.8e-07,2.5e-07,3.6e-07,2.75e-07,3.6e-07,1.0,-1.7125e-12,0.0051733
8.8e-07,2.5e-07,3.6e-07,2.75e-07,4e-07,0.8,4.4529e-12,0.0030252
8.8e-07,2.5e-07,3.6e-07,2.75e-07,4e-07,0.9,1.9799e-13,0.0039937
8.8e-07,2.5e-07,3.6e-07,2.75e-07,4e-07,1.0,-1.6024e-12,0.0051862
8.8e-07,2.5e-07,3.6e-07,2.75e-07,4.4e-07,0.8,4.3247e-12,0.0030332
8.8e-07,2.5e-07,3.6e-07,2.75e-07,4.4e-07,0.9,2.0048e-13,0.0040036
8.8e-07,2.5e-07,3.6e-07,2.75e-07,4.4e-07,1.0,-1.5134e-12,0.0051993
8.8e-07,2.5e-07,4e-07,2.25e-07,3.6e-07,0.8,4.0163e-12,0.0030007
8.8e-07,2.5e-07,4e-07,2.25e-07,3.6e-07,0.9,-2.8184e-13,0.0039592
8.8e-07,2.5e-07,4e-07,2.25e-07,3.6e-07,1.0,-1.9727e-12,0.0051407
8.8e-07,2.5e-07,4e-07,2.25e-07,4e-07,0.8,3.847e-12,0.0030086
8.8e-07,2.5e-07,4e-07,2.25e-07,4e-07,0.9,-3.2283e-13,0.0039689
8.8e-07,2.5e-07,4e-07,2.25e-07,4e-07,1.0,-1.8951e-12,0.0051533
8.8e-07,2.5e-07,4e-07,2.25e-07,4.4e-07,0.8,3.7025e-12,0.0030165
8.8e-07,2.5e-07,4e-07,2.25e-07,4.4e-07,0.9,-3.6601e-13,0.0039787
8.8e-07,2.5e-07,4e-07,2.25e-07,4.4e-07,1.0,-1.8294e-12,0.0051663
8.8e-07,2.5e-07,4e-07,2.5e-07,3.6e-07,0.8,4.2907e-12,0.0030105
8.8e-07,2.5e-07,4e-07,2.5e-07,3.6e-07,0.9,-2.5493e-14,0.0039733
8.8e-07,2.5e-07,4e-07,2.5e-07,3.6e-07,1.0,-1.8139e-12,0.0051593
8.8e-07,2.5e-07,4e-07,2.5e-07,4e-07,0.8,4.126e-12,0.0030185
8.8e-07,2.5e-07,4e-07,2.5e-07,4e-07,0.9,-4.0627e-14,0.0039831
8.8e-07,2.5e-07,4e-07,2.5e-07,4e-07,1.0,-1.7198e-12,0.0051721
8.8e-07,2.5e-07,4e-07,2.5e-07,4.4e-07,0.8,3.9841e-12,0.0030265
8.8e-07,2.5e-07,4e-07,2.5e-07,4.4e-07,0.9,-6.0743e-14,0.003993
8.8e-07,2.5e-07,4e-07,2.5e-07,4.4e-07,1.0,-1.6424e-12,0.005185
8.8e-07,2.5e-07,4e-07,2.75e-07,3.6e-07,0.8,4.5311e-12,0.0030204
8.8e-07,2.5e-07,4e-07,2.75e-07,3.6e-07,0.9,1.7956e-13,0.0039873
8.8e-07,2.5e-07,4e-07,2.75e-07,3.6e-07,1.0,-1.6792e-12,0.0051779
8.8e-07,2.5e-07,4e-07,2.75e-07,4e-07,0.8,4.3695e-12,0.0030283
8.8e-07,2.5e-07,4e-07,2.75e-07,4e-07,0.9,1.8189e-13,0.0039972
8.8e-07,2.5e-07,4e-07,2.75e-07,4e-07,1.0,-1.5668e-12,0.0051908
8.8e-07,2.5e-07,4e-07,2.75e-07,4.4e-07,0.8,4.2353e-12,0.0030363
8.8e-07,2.5e-07,4e-07,2.75e-07,4.4e-07,0.9,1.79e-13,0.0040071
8.8e-07,2.5e-07,4e-07,2.75e-07,4.4e-07,1.0,-1.4815e-12,0.0052037
8.8e-07,2.5e-07,4.4e-07,2.25e-07,3.6e-07,0.8,3.948e-12,0.0030037
8.8e-07,2.5e-07,4.4e-07,2.25e-07,3.6e-07,0.9,-2.9719e-13,0.0039627
8.8e-07,2.5e-07,4.4e-07,2.25e-07,3.6e-07,1.0,-1.9471e-12,0.0051452
8.8e-07,2.5e-07,4.4e-07,2.25e-07,4e-07,0.8,3.7726e-12,0.0030117
8.8e-07,2.5e-07,4.4e-07,2.25e-07,4e-07,0.9,-3.4368e-13,0.0039725
8.8e-07,2.5e-07,4.4e-07,2.25e-07,4e-07,1.0,-1.8703e-12,0.0051579
8.8e-07,2.5e-07,4.4e-07,2.25e-07,4.4e-07,0.8,3.6238e-12,0.0030196
8.8e-07,2.5e-07,4.4e-07,2.25e-07,4.4e-07,0.9,-3.8781e-13,0.0039823
8.8e-07,2.5e-07,4.4e-07,2.25e-07,4.4e-07,1.0,-1.8087e-12,0.0051708
8.8e-07,2.5e-07,4.4e-07,2.5e-07,3.6e-07,0.8,4.2254e-12,0.0030136
8.8e-07,2.5e-07,4.4e-07,2.5e-07,3.6e-07,0.9,-3.6501e-14,0.0039769
8.8e-07,2.5e-07,4.4e-07,2.5e-07,3.6e-07,1.0,-1.7858e-12,0.0051638
8.8e-07,2.5e-07,4.4e-07,2.5e-07,4e-07,0.8,4.0523e-12,0.0030216
8.8e-07,2.5e-07,4.4e-07,2.5e-07,4e-07,0.9,-6.0015e-14,0.0039866
8.8e-07,2.5e-07,4.4e-07,2.5e-07,4e-07,1.0,-1.6917e-12,0.0051766
8.8e-07,2.5e-07,4.4e-07,2.5e-07,4.4e-07,0.8,3.907e-12,0.0030295
8.8e-07,2.5e-07,4.4e-07,2.5e-07,4.4e-07,0.9,-8.3175e-14,0.0039965
8.8e-07,2.5e-07,4.4e-07,2.5e-07,4.4e-07,1.0,-1.617e-12,0.0051895
8.8e-07,2.5e-07,4.4e-07,2.75e-07,3.6e-07,0.8,4.4651e-12,0.0030234
8.8e-07,2.5e-07,4.4e-07,2.75e-07,3.6e-07,0.9,1.7088e-13,0.0039909
8.8e-07,2.5e-07,4.4e-07,2.75e-07,3.6e-07,1.0,-1.6483e-12,0.0051825
8.8e-07,2.5e-07,4.4e-07,2.75e-07,4e-07,0.8,4.3001e-12,0.0030314
8.8e-07,2.5e-07,4.4e-07,2.75e-07,4e-07,0.9,1.6878e-13,0.0040008
8.8e-07,2.5e-07,4.4e-07,2.75e-07,4e-07,1.0,-1.5406e-12,0.0051952
8.8e-07,2.5e-07,4.4e-07,2.75e-07,4.4e-07,0.8,4.1594e-12,0.0030394
8.8e-07,2.5e-07,4.4e-07,2.75e-07,4.4e-07,0.9,1.5942e-13,0.0040107
8.8e-07,2.5e-07,4.4e-07,2.75e-07,4.4e-07,1.0,-1.4558e-12,0.0052082
8.8e-07,2.75e-07,3.6e-07,2.25e-07,3.6e-07,0.8,4.1162e-12,0.0029986
8.8e-07,2.75e-07,3.6e-07,2.25e-07,3.6e-07,0.9,-2.4801e-13,0.003957
8.8e-07,2.75e-07,3.6e-07,2.25e-07,3.6e-07,1.0,-2.0154e-12,0.0051378
8.8e-07,2.75e-07,3.6e-07,2.25e-07,4e-07,0.8,3.9499e-12,0.0030065
8.8e-07,2.75e-07,3.6e-07,2.25e-07,4e-07,0.9,-2.8326e-13,0.0039667
8.8e-07,2.75e-07,3.6e-07,2.25e-07,4e-07,1.0,-1.9371e-12,0.0051506
8.8e-07,2.75e-07,3.6e-07,2.25e-07,4.4e-07,0.8,3.8118e-12,0.0030144
8.8e-07,2.75e-07,3.6e-07,2.25e-07,4.4e-07,0.9,-3.2059e-13,0.0039766
8.8e-07,2.75e-07,3.6e-07,2.25e-07,4.4e-07,1.0,-1.871e-12,0.0051634
8.8e-07,2.75e-07,3.6e-07,2.5e-07,3.6e-07,0.8,4.3892e-12,0.0030084
8.8e-07,2.75e-07,3.6e-07,2.5e-07,3.6e-07,0.9,5.1315e-15,0.0039711
8.8e-07,2.75e-07,3.6e-07,2.5e-07,3.6e-07,1.0,-1.8555e-12,0.0051565
8.8e-07,2.75e-07,3.6e-07,2.5e-07,4e-07,0.8,4.2304e-12,0.0030164
8.8e-07,2.75e-07,3.6e-07,2.5e-07,4e-07,0.9,-4.5076e-15,0.0039809
8.8e-07,2.75e-07,3.6e-07,2.5e-07,4e-07,1.0,-1.7573e-12,0.0051693
8.8e-07,2.75e-07,3.6e-07,2.5e-07,4.4e-07,0.8,4.0953e-12,0.0030244
8.8e-07,2.75e-07,3.6e-07,2.5e-07,4.4e-07,0.9,-2.1873e-14,0.0039908
8.8e-07,2.75e-07,3.6e-07,2.5e-07,4.4e-07,1.0,-1.6785e-12,0.0051822
8.8e-07,2.75e-07,3.6e-07,2.75e-07,3.6e-07,0.8,4.6356e-12,0.0030182
8.8e-07,2.75e-07,3.6e-07,2.75e-07,3.6e-07,0.9,1.982e-13,0.0039851
8.8e-07,2.75e-07,3.6e-07,2.75e-07,3.6e-07,1.0,-1.7158e-12,0.005175
8.8e-07,2.75e-07,3.6e-07,2.75e-07,4e-07,0.8,4.4756e-12,0.0030262
8.8e-07,2.75e-07,3.6e-07,2.75e-07,4e-07,0.9,2.0916e-13,0.0039951
8.8e-07,2.75e-07,3.6e-07,2.75e-07,4e-07,1.0,-1.6093e-12,0.005188
8.8e-07,2.75e-07,3.6e-07,2.75e-07,4.4e-07,0.8,4.3446e-12,0.0030342
8.8e-07,2.75e-07,3.6e-07,2.75e-07,4.4e-07,0.9,2.1275e-13,0.004005
8.8e-07,2.75e-07,3.6e-07,2.75e-07,4.4e-07,1.0,-1.5189e-12,0.005201
8.8e-07,2.75e-07,4e-07,2.25e-07,3.6e-07,0.8,4.0356e-12,0.0030017
8.8e-07,2.75e-07,4e-07,2.25e-07,3.6e-07,0.9,-2.6408e-13,0.0039605
8.8e-07,2.75e-07,4e-07,2.25e-07,3.6e-07,1.0,-1.9765e-12,0.0051425
8.8e-07,2.75e-07,4e-07,2.25e-07,4e-07,0.8,3.8636e-12,0.0030096
8.8e-07,2.75e-07,4e-07,2.25e-07,4e-07,0.9,-3.0687e-13,0.0039703
8.8e-07,2.75e-07,4e-07,2.25e-07,4e-07,1.0,-1.9e-12,0.0051551
8.8e-07,2.75e-07,4e-07,2.25e-07,4.4e-07,0.8,3.7182e-12,0.0030175
8.8e-07,2.75e-07,4e-07,2.25e-07,4.4e-07,0.9,-3.4929e-13,0.0039801
8.8e-07,2.75e-07,4e-07,2.25e-07,4.4e-07,1.0,-1.8382e-12,0.005168
8.8e-07,2.75e-07,4e-07,2.5e-07,3.6e-07,0.8,4.3113e-12,0.0030115
8.8e-07,2.75e-07,4e-07,2.5e-07,3.6e-07,0.9,-8.4867e-15,0.0039746
8.8e-07,2.75e-07,4e-07,2.5e-07,3.6e-07,1.0,-1.8181e-12,0.0051611
8.8e-07,2.75e-07,4e-07,2.5e-07,4e-07,0.8,4.145e-12,0.0030195
8.8e-07,2.75e-07,4e-07,2.5e-07,4e-07,0.9,-2.4698e-14,0.0039845
8.8e-07,2.75e-07,4e-07,2.5e-07,4e-07,1.0,-1.7258e-12,0.0051738
8.8e-07,2.75e-07,4e-07,2.5e-07,4.4e-07,0.8,4.0012e-12,0.0030275
8.8e-07,2.75e-07,4e-07,2.5e-07,4.4e-07,0.9,-4.5396e-14,0.0039944
8.8e-07,2.75e-07,4e-07,2.5e-07,4.4e-07,1.0,-1.6479e-12,0.0051867
8.8e-07,2.75e-07,4e-07,2.75e-07,3.6e-07,0.8,4.5559e-12,0.0030214
8.8e-07,2.75e-07,4e-07,2.75e-07,3.6e-07,0.9,1.9329e-13,0.0039887
8.8e-07,2.75e-07,4e-07,2.75e-07,3.6e-07,1.0,-1.6816e-12,0.0051797
8.8e-07,2.75e-07,4e-07,2.75e-07,4e-07,0.8,4.3905e-12,0.0030294
8.8e-07,2.75e-07,4e-07,2.75e-07,4e-07,0.9,1.9652e-13,0.0039986
8.8e-07,2.75e-07,4e-07,2.75e-07,4e-07,1.0,-1.5731e-12,0.0051925
8.8e-07,2.75e-07,4e-07,2.75e-07,4.4e-07,0.8,4.2534e-12,0.0030374
8.8e-07,2.75e-07,4e-07,2.75e-07,4.4e-07,0.9,1.9221e-13,0.0040086
8.8e-07,2.75e-07,4e-07,2.75e-07,4.4e-07,1.0,-1.4885e-12,0.0052054
8.8e-07,2.75e-07,4.4e-07,2.25e-07,3.6e-07,0.8,3.9662e-12,0.0030048
8.8e-07,2.75e-07,4.4e-07,2.25e-07,3.6e-07,0.9,-2.8009e-13,0.0039642
8.8e-07,2.75e-07,4.4e-07,2.25e-07,3.6e-07,1.0,-1.9533e-12,0.005147
8.8e-07,2.75e-07,4.4e-07,2.25e-07,4e-07,0.8,3.7905e-12,0.0030127
8.8e-07,2.75e-07,4.4e-07,2.25e-07,4e-07,0.9,-3.2699e-13,0.0039739
8.8e-07,2.75e-07,4.4e-07,2.25e-07,4e-07,1.0,-1.8765e-12,0.0051596
8.8e-07,2.75e-07,4.4e-07,2.25e-07,4.4e-07,0.8,3.6387e-12,0.0030206
8.8e-07,2.75e-07,4.4e-07,2.25e-07,4.4e-07,0.9,-3.7272e-13,0.0039837
8.8e-07,2.75e-07,4.4e-07,2.25e-07,4.4e-07,1.0,-1.8127e-12,0.0051726
8.8e-07,2.75e-07,4.4e-07,2.5e-07,3.6e-07,0.8,4.2452e-12,0.0030146
8.8e-07,2.75e-07,4.4e-07,2.5e-07,3.6e-07,0.9,-2.1113e-14,0.0039783
8.8e-07,2.75e-07,4.4e-07,2.5e-07,3.6e-07,1.0,-1.7897e-12,0.0051656
8.8e-07,2.75e-07,4.4e-07,2.5e-07,4e-07,0.8,4.07e-12,0.0030226
8.8e-07,2.75e-07,4.4e-07,2.5e-07,4e-07,0.9,-4.36e-14,0.003988
8.8e-07,2.75e-07,4.4e-07,2.5e-07,4e-07,1.0,-1.6989e-12,0.0051783
8.8e-07,2.75e-07,4.4e-07,2.5e-07,4.4e-07,0.8,3.9239e-12,0.0030305
8.8e-07,2.75e-07,4.4e-07,2.5e-07,4.4e-07,0.9,-6.7131e-14,0.0039979
8.8e-07,2.75e-07,4.4e-07,2.5e-07,4.4e-07,1.0,-1.6219e-12,0.0051912
8.8e-07,2.75e-07,4.4e-07,2.75e-07,3.6e-07,0.8,4.4859e-12,0.0030244
8.8e-07,2.75e-07,4.4e-07,2.75e-07,3.6e-07,0.9,1.8536e-13,0.0039923
8.8e-07,2.75e-07,4.4e-07,2.75e-07,3.6e-07,1.0,-1.6506e-12,0.0051843
8.8e-07,2.75e-07,4.4e-07,2.75e-07,4e-07,0.8,4.3192e-12,0.0030324
8.8e-07,2.75e-07,4.4e-07,2.75e-07,4e-07,0.9,1.8238e-13,0.0040022
8.8e-07,2.75e-07,4.4e-07,2.75e-07,4e-07,1.0,-1.5451e-12,0.005197
8.8e-07,2.75e-07,4.4e-07,2.75e-07,4.4e-07,0.8,4.1746e-12,0.0030404
8.8e-07,2.75e-07,4.4e-07,2.75e-07,4.4e-07,0.9,1.736e-13,0.0040121
8.8e-07,2.75e-07,4.4e-07,2.75e-07,4.4e-07,1.0,-1.459e-12,0.00521
